code,name,state,max_stock_kg,cas_raw,pl_I,pl_II,pl_III,pl_IV,appendices,matches,conc,pl_II_chot,pl_III_chot,can_cu_II,can_cu_III,appendices_chot
CH-06-630,UV PROTECTIVE NC SEALER - T65FN0054-180.00K/ 180KG,LỎNG,2520,123-86-4 (>10-<25%); 9004-70-0; 67-63-0; 1330-20-7; 100-41-4; 763-69-9; 557-05-1; 108-65-6; 1843-05-6,True,True,True,True,"I,II,III,IV","I:Isopropanol(67-63-0) | I:Xylen(1330-20-7) | II:Isopropanol(67-63-0) | II:n-Butyl axetat(123-86-4) | III/Nhóm 1:Etyl benzen(100-41-4) | IV/Bảng A:Nitơ xenlulo (hàm lượng > 12,6% nitrogen)(9004-70-0) thr=10.000",123-86-4=>10-<25%,True,True,giu theo nguong,giu theo nguong,"I,II,III,IV"
CH-06-633,UV PROTECTIVE NC TOPCOAT (05) - T75FN0540-180.00K/180KG,LỎNG,1620,123-86-4 (>10-<25%); 9004-70-0; 67-63-0; 763-69-9; 108-65-6; 1843-05-6; 100-41-4,True,True,True,True,"I,II,III,IV","I:Isopropanol(67-63-0) | II:Isopropanol(67-63-0) | II:n-Butyl axetat(123-86-4) | III/Nhóm 1:Etyl benzen(100-41-4) | IV/Bảng A:Nitơ xenlulo (hàm lượng > 12,6% nitrogen)(9004-70-0) thr=10.000",123-86-4=>10-<25%,True,False,giu theo nguong,loai theo nguong: tat ca thanh phan <= 1%: 100-41-4=≤0.3,"I,II,IV"
CH-06-635,UV PROTECTIVE NC TOPCOAT (20) - T75FN0542-180.00K /180KG,LỎNG,360,123-86-4 (>10-<25%); 9004-70-0; 67-63-0 (<10%); 763-69-9; 108-65-6; 1843-05-6; 100-41-4,True,True,True,True,"I,II,III,IV","I:Isopropanol(67-63-0) | II:Isopropanol(67-63-0) | II:n-Butyl axetat(123-86-4) | III/Nhóm 1:Etyl benzen(100-41-4) | IV/Bảng A:Nitơ xenlulo (hàm lượng > 12,6% nitrogen)(9004-70-0) thr=10.000",123-86-4=>10-<25%;67-63-0=<10%,True,False,giu theo nguong,loai theo nguong: tat ca thanh phan <= 1%: 100-41-4=≤0.3,"I,II,IV"
CH-06-636,UV PROTECTIVE NC TOPCOAT (30) - T75FN0543-180.00K/180KG,LỎNG,180,123-86-4 (>10-<25%); 9004-70-0; 67-63-0; 763-69-9; 108-65-6; 1843-05-6; 107-98-2; 100-41-4,True,True,True,True,"I,II,III,IV","I:Isopropanol(67-63-0) | II:1-Metoxy-2-propanol(107-98-2) | II:Isopropanol(67-63-0) | II:n-Butyl axetat(123-86-4) | III/Nhóm 1:Etyl benzen(100-41-4) | IV/Bảng A:Nitơ xenlulo (hàm lượng > 12,6% nitrogen)(9004-70-0) thr=10.000",123-86-4=>10-<25%,True,False,giu theo nguong,loai theo nguong: tat ca thanh phan <= 1%: 100-41-4=≤0.3,"I,II,IV"
CH-06-642,NC SEALER - WHITE - P61WN0054-200.00K/200KG,LỎNG,1800,9004-70-0; 1330-20-7; 100-41-4; 67-63-0; 78-83-1; 123-86-4; 557-05-1; 1843-05-6,True,True,True,True,"I,II,III,IV","I:Isopropanol(67-63-0) | I:Xylen(1330-20-7) | II:Isobutanol(78-83-1) | II:Isopropanol(67-63-0) | II:n-Butyl axetat(123-86-4) | III/Nhóm 1:Etyl benzen(100-41-4) | IV/Bảng A:Nitơ xenlulo (hàm lượng > 12,6% nitrogen)(9004-70-0) thr=10.000",,False,True,loai theo nguong: tat ca thanh phan <= 5%: 67-63-0=≤5; 78-83-1=≤5; 123-86-4=≤5,giu theo nguong,"I,III,IV"
CH-06-643,VINYL SEALER - WHITE - P63WN1001-20.00K /200KG,LỎNG,1800,123-86-4 (>25%-<50%); 100-41-4; 1330-20-7; 64-17-5; 9004-70-0; 67-63-0; 8013-07-8; 148462-57-1; 1843-05-6; 67-56-1; 55406-53-6,True,True,True,True,"I,II,III,IV","I:Etanol(64-17-5) | I:Isopropanol(67-63-0) | I:Metanol(67-56-1) | I:Xylen(1330-20-7) | II:Isopropanol(67-63-0) | II:n-Butyl axetat(123-86-4) | III/Nhóm 1:Etyl benzen(100-41-4) | III/Nhóm 1:Metanol(67-56-1) | IV/Bảng A:Metanol(67-56-1) thr=500.000 | IV/Bảng A:Nitơ xenlulo (hàm lượng > 12,6% nitrogen)(9004-70-0) thr=10.000",123-86-4=>25%-<50%,True,True,giu theo nguong,giu theo nguong,"I,II,III,IV"
CH-06-645,UV PROTECTIVE NC TOPCOAT (60) - T75FN0546-180.00K/180KG,LỎNG,180,9004-70-0; 123-86-4 (<10%); 67-63-0 (<10%); 763-69-9; 108-65-6; 1843-05-6; 100-41-4,True,True,True,True,"I,II,III,IV","I:Isopropanol(67-63-0) | II:Isopropanol(67-63-0) | II:n-Butyl axetat(123-86-4) | III/Nhóm 1:Etyl benzen(100-41-4) | IV/Bảng A:Nitơ xenlulo (hàm lượng > 12,6% nitrogen)(9004-70-0) thr=10.000",123-86-4=<10%;67-63-0=<10%,True,False,giu theo nguong,loai theo nguong: tat ca thanh phan <= 1%: 100-41-4=≤0.3,"I,II,IV"
CH-06-651,VINYL TOPCOAT 05 - T79FN1070-180.00K /180KG,LỎNG,1080,123-86-4 (>25%-<50%); 1330-20-7; 71-36-3; 9004-70-0; 110-43-0; 100-41-4; 67-63-0; 55406-53-6; 1843-05-6,True,True,True,True,"I,II,III,IV","I:Isopropanol(67-63-0) | I:Xylen(1330-20-7) | I:n-Butanol(71-36-3) | II:2-Heptanon(110-43-0) | II:Isopropanol(67-63-0) | II:n-Butanol(71-36-3) | II:n-Butyl axetat(123-86-4) | III/Nhóm 1:Etyl benzen(100-41-4) | IV/Bảng A:Nitơ xenlulo (hàm lượng > 12,6% nitrogen)(9004-70-0) thr=10.000",123-86-4=>25%-<50%,True,True,giu theo nguong,giu theo nguong,"I,II,III,IV"
CH-06-790,T79FN1072-180.00K - VINYL TOPCOAT (20),LỎNG,0,123-86-4 (>25%-<50%); 100-41-4; 1330-20-7; 71-63-3; 9004-70-0; 110-43-0; 67-63-0; 55406-53-6; 1843-05-6,True,True,True,True,"I,II,III,IV","I:Isopropanol(67-63-0) | I:Xylen(1330-20-7) | II:2-Heptanon(110-43-0) | II:Isopropanol(67-63-0) | II:n-Butyl axetat(123-86-4) | III/Nhóm 1:Etyl benzen(100-41-4) | IV/Bảng A:Nitơ xenlulo (hàm lượng > 12,6% nitrogen)(9004-70-0) thr=10.000",123-86-4=>25%-<50%,True,True,giu theo nguong,giu theo nguong,"I,II,III,IV"
CH-06-800,T79FN1071-180.00K - VINYL TOPCOAT 10 / 180,LỎNG,180,123-86-4 (>25%-<50%); 100-41-4; 1330-20-7; 71-36-3; 9004-70-0; 110-43-0; 67-63-0; 55406-53-6; 1843-05-6,True,True,True,True,"I,II,III,IV","I:Isopropanol(67-63-0) | I:Xylen(1330-20-7) | I:n-Butanol(71-36-3) | II:2-Heptanon(110-43-0) | II:Isopropanol(67-63-0) | II:n-Butanol(71-36-3) | II:n-Butyl axetat(123-86-4) | III/Nhóm 1:Etyl benzen(100-41-4) | IV/Bảng A:Nitơ xenlulo (hàm lượng > 12,6% nitrogen)(9004-70-0) thr=10.000",123-86-4=>25%-<50%,True,True,giu theo nguong,giu theo nguong,"I,II,III,IV"
CH-06-822,PU TOPCOAT (40) - F63FN1384-18.00K,LỎNG,180,123-86-4 (>10-<25%); 148462-57-1; 1330-20-7; 100-41-4; 108-65-6; 763-69-9; 9004-70-0; 67-63-0; 108-38-3,True,True,True,True,"I,II,III,IV","I:Isopropanol(67-63-0) | I:Xylen(1330-20-7) | II:Isopropanol(67-63-0) | II:m-Xylen(108-38-3) | II:n-Butyl axetat(123-86-4) | III/Nhóm 1:Etyl benzen(100-41-4) | IV/Bảng A:Nitơ xenlulo (hàm lượng > 12,6% nitrogen)(9004-70-0) thr=10.000",123-86-4=>10-<25%,True,True,giu theo nguong,giu theo nguong,"I,II,III,IV"
CH-06-823,PU TOPCOAT (60) - F63FN1386-18.00K,LỎNG,468,123-86-4 (>10-<25%); 148462-57-1; 1330-20-7; 100-41-4; 108-65-6; 763-69-9; 9004-70-0; 67-63-0; 108-38-3,True,True,True,True,"I,II,III,IV","I:Isopropanol(67-63-0) | I:Xylen(1330-20-7) | II:Isopropanol(67-63-0) | II:m-Xylen(108-38-3) | II:n-Butyl axetat(123-86-4) | III/Nhóm 1:Etyl benzen(100-41-4) | IV/Bảng A:Nitơ xenlulo (hàm lượng > 12,6% nitrogen)(9004-70-0) thr=10.000",123-86-4=>10-<25%,True,True,giu theo nguong,giu theo nguong,"I,II,III,IV"
CH-06-824,CRACKLE BASE - CLEAR - T65TN0001-18.00K,LỎNG,198,78-93-3; 9004-70-0; 64-17-5; 123-86-4; 67-56-1; 100-41-4; 108-38-3,True,True,True,True,"I,II,III,IV","I:Etanol(64-17-5) | I:Metanol(67-56-1) | I:Methyl ethyl ketone (MEK)(78-93-3) | II:m-Xylen(108-38-3) | II:n-Butyl axetat(123-86-4) | III/Nhóm 1:Etyl benzen(100-41-4) | III/Nhóm 1:Metanol(67-56-1) | III/Nhóm 2:Methyl ethyl ketone (MEK)(78-93-3) | IV/Bảng A:Metanol(67-56-1) thr=500.000 | IV/Bảng A:Nitơ xenlulo (hàm lượng > 12,6% nitrogen)(9004-70-0) thr=10.000",,False,True,loai theo nguong: tat ca thanh phan <= 5%: 123-86-4=<1; 108-38-3=≤0.3,giu theo nguong,"I,III,IV"
CH-06-1056,M64WN0052-20.00K NC TOPCOAT (20) - WHITE,LỎNG,200,1330-20-7; 9004-70-0; 100-41-4; 64-17-5; 71-36-3; 123-86-4; 763-69-9; 108-65-6; 111-76-2,True,True,True,True,"I,II,III,IV","I:Etanol(64-17-5) | I:Xylen(1330-20-7) | I:n-Butanol(71-36-3) | II:n-Butanol(71-36-3) | II:n-Butyl axetat(123-86-4) | III/Nhóm 1:Etyl benzen(100-41-4) | IV/Bảng A:Nitơ xenlulo (hàm lượng > 12,6% nitrogen)(9004-70-0) thr=10.000",,False,True,loai theo nguong: tat ca thanh phan <= 5%: 71-36-3=≤5; 123-86-4=≤5,giu theo nguong,"I,III,IV"
CH-06-1048,T65FN0036-180.00K UV PROTECTIVE NC SEALER,LỎNG,1620,123-86-4 (>10%-<25%); 9004-70-0; 1330-20-7; 64-17-5; 100-41-4; 763-69-9; 108-65-6; 557-05-1,True,True,True,True,"I,II,III,IV","I:Etanol(64-17-5) | I:Xylen(1330-20-7) | II:n-Butyl axetat(123-86-4) | III/Nhóm 1:Etyl benzen(100-41-4) | IV/Bảng A:Nitơ xenlulo (hàm lượng > 12,6% nitrogen)(9004-70-0) thr=10.000",123-86-4=>10%-<25%,True,True,giu theo nguong,giu theo nguong,"I,II,III,IV"
CH-06-1049,T75FN0430-180.00K UV PROTECTIVE NC TOPCOAT (05),LỎNG,1440,9004-70-0; 123-86-4 (<10%); 64-17-5; 1330-20-7; 763-69-9; 108-65-6; 100-41-4; 1843-05-6; 104810-48-2,True,True,True,True,"I,II,III,IV","I:Etanol(64-17-5) | I:Xylen(1330-20-7) | II:n-Butyl axetat(123-86-4) | III/Nhóm 1:Etyl benzen(100-41-4) | IV/Bảng A:Nitơ xenlulo (hàm lượng > 12,6% nitrogen)(9004-70-0) thr=10.000",123-86-4=<10%,True,False,giu theo nguong,loai theo nguong: tat ca thanh phan <= 1%: 100-41-4=<1,"I,II,IV"
CH-06-1050,T75FN0432-180.00K UV PROTECTIVE NC TOPCOAT (20),LỎNG,720,9004-70-0; 123-86-4 (<10%); 64-17-5; 1330-20-7; 763-69-9; 108-65-6; 100-41-4; 1843-05-6; 104810-48-2,True,True,True,True,"I,II,III,IV","I:Etanol(64-17-5) | I:Xylen(1330-20-7) | II:n-Butyl axetat(123-86-4) | III/Nhóm 1:Etyl benzen(100-41-4) | IV/Bảng A:Nitơ xenlulo (hàm lượng > 12,6% nitrogen)(9004-70-0) thr=10.000",123-86-4=<10%,True,False,giu theo nguong,loai theo nguong: tat ca thanh phan <= 1%: 100-41-4=<1,"I,II,IV"
CH-06-1059,P61WN0046-220.00K NC WHITE PRIMER,LỎNG,2640,9004-70-0; 1330-20-7; 64-17-5; 557-05-1; 123-86-4; 100-41-4; 85711-46-2; 77-99-6,True,True,True,True,"I,II,III,IV","I:Etanol(64-17-5) | I:Xylen(1330-20-7) | II:n-Butyl axetat(123-86-4) | III/Nhóm 1:Etyl benzen(100-41-4) | IV/Bảng A:Nitơ xenlulo (hàm lượng > 12,6% nitrogen)(9004-70-0) thr=10.000",,False,False,loai theo nguong: tat ca thanh phan <= 5%: 123-86-4=≤1,loai theo nguong: tat ca thanh phan <= 1%: 100-41-4=<1,"I,IV"
CH-01-005,Bleach H2O2 35/ thùng,LỎNG,175,7722-84-1; 7732-18-5,True,True,False,False,"I,II",I:Hydro peroxit(7722-84-1) | II:Hydro peroxit(7722-84-1),,True,False,giu theo nguong,,"I,II"
CH-01-061,Chất tẩy gỗ Sodium Chlorite 80% (50kg),LỎNG,25,7775-09-9,False,False,False,True,IV,IV/Bảng A:Natri clorat(7775-09-9) thr=50.000,,False,False,,,IV
CH-02-157,235E0001MU-18.00K,LỎNG,0,78-93-3; 108-88-3 (>10% -<16%; 108-10-1; 100-41-4; 1330-20-7; 108-65-6,True,True,True,False,"I,II,III",I:Methyl ethyl ketone (MEK)(78-93-3) | I:Toluene(108-88-3) | I:Xylen(1330-20-7) | II:Metyl isobutyl keton(108-10-1) | III/Nhóm 1:Etyl benzen(100-41-4) | III/Nhóm 2:Methyl ethyl ketone (MEK)(78-93-3) | III/Nhóm 2:Toluene(108-88-3),,True,True,giu theo nguong,giu theo nguong,"I,II,III"
CH-03-034,297:002-20.ooK Water base wax V70FN0501-020.00K9L,LỎNG,160,,False,False,False,False,,,,False,False,,,
CH-05-061,RICH GOLD POWDER (Sherwin-vn code: 0007480021-25.00K)-nhũ đồng,RẮN,50,,False,False,False,False,,,,False,False,,,
CH-06-125,ZZ000-P7818-5.00K,LỎNG,55,,False,False,False,False,,,,False,False,,,
CH-06-126,ZZ000-P5795-5.00K,LỎNG,55,121375-86-8,False,False,False,False,,,,False,False,,,
CH-06-134,214:002-18.00K,LỎNG,144,100-41-4; 1330-20-7; 71-36-3; 123-86-4 (50%-70%),True,True,True,False,"I,II,III",I:Xylen(1330-20-7) | I:n-Butanol(71-36-3) | II:n-Butanol(71-36-3) | II:n-Butyl axetat(123-86-4) | III/Nhóm 1:Etyl benzen(100-41-4),123-86-4=50%-70%,True,True,giu theo nguong,giu theo nguong,"I,II,III"
CH-06-176,V70FN0001-20.00K Flatting paste,LỎNG,40,100-41-4; 1330-20-7; 108-65-6,True,False,True,False,"I,III",I:Xylen(1330-20-7) | III/Nhóm 1:Etyl benzen(100-41-4),,False,True,,giu theo nguong,"I,III"
CH-06-181,230:055/B-4.00K PU HARDENER V66VY0055-004.00KIO,LỎNG,156,123-86-4 (>25%-<50%); 28182-81-2; 108-65-6; 1330-20-7; 100-41-4; 122-51-0; 822-06-0,True,True,True,False,"I,II,III",I:Xylen(1330-20-7) | II:Etyl orthoformat(122-51-0) | II:n-Butyl axetat(123-86-4) | III/Nhóm 1:Etyl benzen(100-41-4) | III/Nhóm 1:Hexametylen diisoxyanat(822-06-0),123-86-4=>25%-<50%,True,True,giu theo nguong,giu theo nguong,"I,II,III"
CH-06-190,S66FN0001-25.00K DISTRESSING POWDER,LỎNG,25,64742-82-1; 64742-88-7; 64742-48-9; 108-88-3; 64742-95-6; 98-82-8; 108-67-8; 95-63-6; 9005-25-8; 14807-96-6; 1317-65-3,True,True,True,False,"I,II,III","I:Toluene(108-88-3) | II:1,3,5- Trimetyl benzen(108-67-8) | II:Cumen(98-82-8) | III/Nhóm 2:Toluene(108-88-3)",,False,True,"loai theo nguong: tat ca thanh phan <= 5%: 98-82-8=0,1-1; 108-67-8=0,1-1",giu theo nguong,"I,III"
CH-06-198,EK89001-9001-25.00K - WOOD FILLER(SPECIAL),LỎNG,1375,2634-33-5; 9005-25-8; 471-34-1; 1314-13-2,False,False,False,False,,,,False,False,,,
CH-06-205,XZ8985-034-25.00K - SILVER PASTE,LỎNG,50,64742-88-7; 64742-95-6; 98-82--8; 108-67-8; 95-63-6; 112-80-1; 7429-90-5,False,True,False,False,II,"II:1,3,5- Trimetyl benzen(108-67-8) | II:Bột nhôm(7429-90-5)",,True,False,giu theo nguong,,II
CH-06-211,238:001:70000-20.00K PIGMENTED STAIN -,LỎNG,200,1330-20-7; 100-41-4,True,False,True,False,"I,III",I:Xylen(1330-20-7) | III/Nhóm 1:Etyl benzen(100-41-4),,False,True,,giu theo nguong,"I,III"
CH-06-220,Pigment Stain - White 238:001:10000-9.00K,LỎNG,198,100-41-4; 1330-20-7; 108-65-6; 13463-67-6,True,False,True,False,"I,III",I:Xylen(1330-20-7) | III/Nhóm 1:Etyl benzen(100-41-4),,False,True,,giu theo nguong,"I,III"
CH-06-221,238:001:30000-5.00K,LỎNG,20,1330-20-7; 100-41--4; ,True,False,False,False,I,I:Xylen(1330-20-7),,False,False,,,I
CH-06-222,238:001:20002-7.00K,LỎNG,49,1330-20-7; 100-41-4,True,False,True,False,"I,III",I:Xylen(1330-20-7) | III/Nhóm 1:Etyl benzen(100-41-4),,False,True,,giu theo nguong,"I,III"
CH-06-227,238:008:70004-5.00K,LỎNG,145,108-65-6; 1330-20-7; 763-69-9 ; 100-41-4; 97-64-3; 106-42-3,True,True,True,False,"I,II,III",I:Xylen(1330-20-7) | II:p-Xylen(106-42-3) | III/Nhóm 1:Etyl benzen(100-41-4),,False,True,loai theo nguong: tat ca thanh phan <= 5%: 106-42-3=≤0.3,giu theo nguong,"I,III"
CH-06-228,238:001:30002-7.00K,LỎNG,210,1330-20-7; 100-41-4,True,False,True,False,"I,III",I:Xylen(1330-20-7) | III/Nhóm 1:Etyl benzen(100-41-4),,False,True,,giu theo nguong,"I,III"
CH-06-240,EK89002-9001-25.00K - WB FILLER - WHITER,LỎNG,700,14808-60-7; 1317-65-3; 13463-67-7,True,False,False,False,I,I:Titan dioxit(13463-67-7),,False,False,,,I
CH-06-275,BRASS LACQUER 90 SHEEN L61CN0039-18.00K,LỎNG,252,108-94-1; 123-86-4 (75%-100%),False,True,False,False,II,II:Xyclohexanon(108-94-1) | II:n-Butyl axetat(123-86-4),123-86-4=75%-100%,True,False,giu theo nguong,,II
CH-06-311,BRASS LACQUER 5 SHEEN L61FN0040-18.00K,LỎNG,144,111-76-2; 108-10-1; 108-94-1; 123-86-4 (>50%-<75%); 7631-86-9,False,True,False,False,II,II:Metyl isobutyl keton(108-10-1) | II:Xyclohexanon(108-94-1) | II:n-Butyl axetat(123-86-4),123-86-4=>50%-<75%,True,False,giu theo nguong,,II
CH-06-355,230:063/B-4.50K - PU HARDENER KG,LỎNG,1323,123-86-4 (>25%-<50%); 28182-81-2; 108-65-6; 1330-20-7; 100-41-4; 122-51-0; 822-06-0,True,True,True,False,"I,II,III",I:Xylen(1330-20-7) | II:Etyl orthoformat(122-51-0) | II:n-Butyl axetat(123-86-4) | III/Nhóm 1:Etyl benzen(100-41-4) | III/Nhóm 1:Hexametylen diisoxyanat(822-06-0),123-86-4=>25%-<50%,True,True,giu theo nguong,giu theo nguong,"I,II,III"
CH-06-361,230:30790:10000/A-18.00K,LỎNG,180,1330-20-7; 123-86-4; 100-41-4,True,True,True,False,"I,II,III",I:Xylen(1330-20-7) | II:n-Butyl axetat(123-86-4) | III/Nhóm 1:Etyl benzen(100-41-4),,False,True,loai theo nguong: tat ca thanh phan <= 5%: 123-86-4=≤5,giu theo nguong,"I,III"
CH-06-364,238:001:20011-5.00K,LỎNG,60,123-86-4 (>25%-<50%); 1330-20-7; 100-41-4,True,True,True,False,"I,II,III",I:Xylen(1330-20-7) | II:n-Butyl axetat(123-86-4) | III/Nhóm 1:Etyl benzen(100-41-4),123-86-4=>25%-<50%,True,True,giu theo nguong,giu theo nguong,"I,II,III"
CH-06-366,230:07890:70201/A-18.00K,LỎNG,0,1330-20-7; 123-86-4 (<10%); 100-41-4,True,True,True,False,"I,II,III",I:Xylen(1330-20-7) | II:n-Butyl axetat(123-86-4) | III/Nhóm 1:Etyl benzen(100-41-4),123-86-4=<10%,True,True,giu theo nguong,giu theo nguong,"I,II,III"
CH-06-383,"Paint - 000740557-3.00K, Aluminium Paste",LỎNG,6,7429-90-5; 67-64-1; 70657-70-4,False,True,True,False,"II,III",II:Bột nhôm(7429-90-5) | III/Nhóm 2:Acetone(67-64-1),,True,True,giu theo nguong,giu theo nguong,"II,III"
CH-06-447,LEATHER LACQUER (80)/ SƠN TRÊN DA (80) - 234:02180-17.00K,LỎNG,187,1330-20-7; 123-86-4 (>10%-<25%); 78-93-3; 109159-24-2; 100-41-4; 78-83-1,True,True,True,False,"I,II,III",I:Methyl ethyl ketone (MEK)(78-93-3) | I:Xylen(1330-20-7) | II:Isobutanol(78-83-1) | II:n-Butyl axetat(123-86-4) | III/Nhóm 1:Etyl benzen(100-41-4) | III/Nhóm 2:Methyl ethyl ketone (MEK)(78-93-3),123-86-4=>10%-<25%,True,True,giu theo nguong,giu theo nguong,"I,II,III"
CH-06-485,F63CN0139-90Kg/barrel - PU MODIFIED BRASS LACQUER,LỎNG,252,123-86-4 (>25%-<50%); 108-10-1; 108-94-1; 2530-83-8; 148462-57-1; 97-88-1; 80-62-6,False,True,False,False,II,II:Metyl isobutyl keton(108-10-1) | II:Metyl metacrylat(80-62-6) | II:N-butyl metacrylat(97-88-1) | II:Xyclohexanon(108-94-1) | II:n-Butyl axetat(123-86-4),123-86-4=>25%-<50%,True,False,giu theo nguong,,II
CH-06-545,XZ8987-015-25.00K,LỎNG,25,,False,False,False,False,,,,False,False,,,
CH-06-553,PREMIUM L/Y LACQUER (20) - T70FN1302-180.00K/180KG,LỎNG,0,123-86-4 ( >10%- <25%); 1330-20-7; 100-41-4; 108-88-3; 108-65-6; 8013-07-8; 67-63-0; 1843-05-6,True,True,True,False,"I,II,III",I:Isopropanol(67-63-0) | I:Toluene(108-88-3) | I:Xylen(1330-20-7) | II:Isopropanol(67-63-0) | II:n-Butyl axetat(123-86-4) | III/Nhóm 1:Etyl benzen(100-41-4) | III/Nhóm 2:Toluene(108-88-3),123-86-4= >10%- <25%,True,True,giu theo nguong,giu theo nguong,"I,II,III"
CH-06-562,XX1803-4224-M - CARE TINT GREEN - 4LIT/CAN,LỎNG,64,108-65-6; 1259547-09-5; 70657-70-4,False,False,False,False,,,,False,False,,,
CH-06-564,238:001:20001-5.00K - STAIN - SCARLET - 5KG/CAN,LỎNG,100,108-65-6; 100-41-4; 1330-20-7; 70657-70-4,True,False,True,False,"I,III",I:Xylen(1330-20-7) | III/Nhóm 1:Etyl benzen(100-41-4),,False,True,,giu theo nguong,"I,III"
CH-06-565,238:001:40000-5.00K - STAIN - BLUE - 5KG/CAN,LỎNG,70,1330-20-7; 100-41-4; 70657-70-4,True,False,True,False,"I,III",I:Xylen(1330-20-7) | III/Nhóm 1:Etyl benzen(100-41-4),,False,True,,giu theo nguong,"I,III"
CH-06-567,230:085/B-4.50K - PU HARDENER - 4.5KG/CAN,LỎNG,180,123-86-4 (>50%-<75%); 26426-91-5; 28182-81-2,False,True,False,False,II,II:n-Butyl axetat(123-86-4),123-86-4=>50%-<75%,True,False,giu theo nguong,,II
CH-06-569,XZ8986-006-25.00K,LỎNG,0,64742-48-9; 64742-95-6,False,False,False,False,,,,False,False,,,
CH-06-572,CLEAR WAX 150-37-16KG,LỎNG,192,64742-48-9; 64742-95-6; 95-63-6,False,False,False,False,,,,False,False,,,
CH-06-631,UV PROTECTIVE NC TOPCOAT (90) - T75CN0549-18.00K/18KG,LỎNG,0,123-86-4 (>25%-<50%); 67-63-0; 1843-05-6; 100-41-4,True,True,True,False,"I,II,III",I:Isopropanol(67-63-0) | II:Isopropanol(67-63-0) | II:n-Butyl axetat(123-86-4) | III/Nhóm 1:Etyl benzen(100-41-4),123-86-4=>25%-<50%,True,False,giu theo nguong,loai theo nguong: tat ca thanh phan <= 1%: 100-41-4=≤0.3,"I,II"
CH-06-638,UV PROTECTIVE NC TOPCOAT (40 - T75FN0544-180.00K/18KG,LỎNG,180,123-86-4 (<10%); 67-63-0 (<7.1%); 108-65-6; 1843-05-6; 100-41-5,True,True,False,False,"I,II",I:Isopropanol(67-63-0) | II:Isopropanol(67-63-0) | II:n-Butyl axetat(123-86-4),123-86-4=<10%;67-63-0=<7.1%,True,False,giu theo nguong,,"I,II"
CH-06-646,LACQUER FOR GILDING (50) - T75FN1295-18.00K/18KG,LỎNG,72,78-93-3; 67-63-0 (<10%); 100-41-4; 123-86-4 (<10%); 1330-20-7,True,True,True,False,"I,II,III",I:Isopropanol(67-63-0) | I:Methyl ethyl ketone (MEK)(78-93-3) | I:Xylen(1330-20-7) | II:Isopropanol(67-63-0) | II:n-Butyl axetat(123-86-4) | III/Nhóm 1:Etyl benzen(100-41-4) | III/Nhóm 2:Methyl ethyl ketone (MEK)(78-93-3),67-63-0=<10%;123-86-4=<10%,True,True,giu theo nguong,giu theo nguong,"I,II,III"
CH-06-649,VINYL TOPCOAT 60 - T79FN1076-18.00K/18KG,LỎNG,0,123-86-4 (>25%-<50%); 100-41-4; 1330-20-7; 71-36-3; 110-43-0; 67-63-0; 55406-53-6; 1843-05-6,True,True,True,False,"I,II,III",I:Isopropanol(67-63-0) | I:Xylen(1330-20-7) | I:n-Butanol(71-36-3) | II:2-Heptanon(110-43-0) | II:Isopropanol(67-63-0) | II:n-Butanol(71-36-3) | II:n-Butyl axetat(123-86-4) | III/Nhóm 1:Etyl benzen(100-41-4),123-86-4=>25%-<50%,True,True,giu theo nguong,giu theo nguong,"I,II,III"
CH-06-652,PU TOPCOAT (10) - (LESS YELLOWING) - F63FN0571-18.00K / 18KG,LỎNG,306,123-86-4 (>25%-<50%); 1330-20-7; 108-65-6; 100-41-4; 97-64-3; 763-69-9; 1843-05-6; 41556-26-7; 80-62-6; 82919-37-7,True,True,True,False,"I,II,III",I:Xylen(1330-20-7) | II:Metyl metacrylat(80-62-6) | II:n-Butyl axetat(123-86-4) | III/Nhóm 1:Etyl benzen(100-41-4),123-86-4=>25%-<50%,True,True,giu theo nguong,giu theo nguong,"I,II,III"
CH-06-653,PU SEALER - F63FN1077-18.00K /18KG,LỎNG,900,1330-20-7; 141-78-6; 100-41-4; 557-05-1; 123-86-4,True,True,True,False,"I,II,III",I:Xylen(1330-20-7) | II:Etyl axetat(141-78-6) | II:n-Butyl axetat(123-86-4) | III/Nhóm 1:Etyl benzen(100-41-4),,True,True,giu theo nguong,giu theo nguong,"I,II,III"
CH-06-654,PU SEALER - F63FN0057-18.00K/ 18KG,LỎNG,396,123-86-4 (>25%-<50%); 1330-20-7; 148462-57-1; 100-41-4; 557-05-1; 80-62-6; 41556-26-7; 82919-37-7,True,True,True,False,"I,II,III",I:Xylen(1330-20-7) | II:Metyl metacrylat(80-62-6) | II:n-Butyl axetat(123-86-4) | III/Nhóm 1:Etyl benzen(100-41-4),123-86-4=>25%-<50%,True,True,giu theo nguong,giu theo nguong,"I,II,III"
CH-06-660,VINYL SEALER - T67FN1008-170.00K /170KGH,LỎNG,1020,123-86-4 (>25%-<50%); 100-41-4; 1330-20-7; 64-17-5; 67-63-0; 8013-07-8; 557-05-1; 1843-05-6; 55406-53-6,True,True,True,False,"I,II,III",I:Etanol(64-17-5) | I:Isopropanol(67-63-0) | I:Xylen(1330-20-7) | II:Isopropanol(67-63-0) | II:n-Butyl axetat(123-86-4) | III/Nhóm 1:Etyl benzen(100-41-4),123-86-4=>25%-<50%,True,True,giu theo nguong,giu theo nguong,"I,II,III"
CH-06-668,SB FILLER - NATURAL - 232:008:10002-25.00K/25KG,LỎNG,150,14808-60-7; 64742-94-5; 1330-20-7; 100-41-4; 91-20-3,True,True,True,False,"I,II,III",I:Xylen(1330-20-7) | II:Naphthalen(91-20-3) | III/Nhóm 1:Etyl benzen(100-41-4),,False,True,loai theo nguong: tat ca thanh phan <= 5%: 91-20-3=≤1.4,giu theo nguong,"I,III"
CH-06-669,PU TOPCOAT (30) - (LESS YELLOWING) - F63FN0573-20.00K/20KG,LỎNG,200,100-41-4; 1330-20-7; 77-58-7,True,False,True,False,"I,III",I:Xylen(1330-20-7) | III/Nhóm 1:Etyl benzen(100-41-4),,False,True,,giu theo nguong,"I,III"
CH-06-672,GOLD POWDER-1201 - XZ8908-0012-25.00K / 25 KGM,LỎNG,25,7440-50-8; 7440-66-7,False,False,False,False,,,,False,False,,,
CH-06-688,NP89001-4.00K - METAL EFFECT LACQUER - SILVER/4 KGM,LỎNG,28,123-86-4 (>50%-<75%); 108-65-6; 763-69-9; 97-64-3; 7429-90-5; 108-10-1; 107-98-2; 67-64-1,False,True,True,False,"II,III",II:1-Metoxy-2-propanol(107-98-2) | II:Bột nhôm(7429-90-5) | II:Metyl isobutyl keton(108-10-1) | II:n-Butyl axetat(123-86-4) | III/Nhóm 2:Acetone(67-64-1),123-86-4=>50%-<75%,True,False,giu theo nguong,loai theo nguong: tat ca thanh phan <= 1%: 67-64-1=<1,II
CH-06-695,007480039-25.00K - GOLD POWDER/25 KGM,LỎNG,25,7440-50-8; 7440-66-6,False,True,False,False,II,II:Tro kẽm(7440-66-6),,True,False,giu theo nguong,,II
CH-06-731,340W0002MU-20.00K-POWDER GLAZE,LỎNG,300,64742-89-8; 14808-60-7,False,False,False,False,,,,False,False,,,
CH-06-732,340D0056MU-24.00K-ANTIQUE GLAZE,LỎNG,120,64742-82-1; 111-76-2; 95-63-6; 14808-60-7; 96-29-7,False,False,False,False,,,,False,False,,,
CH-06-733,340D1082MU-21.00K-PECAN GLAZE,LỎNG,147,64742-82-1; 6846-50-0; 1330-20-7; 100-41-4; 14808-60-7; 95-63-6; 111-76-2; 96-29-7,True,False,True,False,"I,III",I:Xylen(1330-20-7) | III/Nhóm 1:Etyl benzen(100-41-4),,False,True,,giu theo nguong,"I,III"
CH-06-735,990W7800MU-25.00K- 110-800 WHITE,LỎNG,125,64742-82-1; 96-29-7; 77-99-6,False,False,False,False,,,,False,False,,,
CH-06-736,230:145:10000/A-18.00K-PU SEALER - WHITE,LỎNG,990,1330-20-7; 100-41-4; 557-05-1; 108-65-6; 108-94-1; 1259547-09-5,True,True,True,False,"I,II,III",I:Xylen(1330-20-7) | II:Xyclohexanon(108-94-1) | III/Nhóm 1:Etyl benzen(100-41-4),,False,True,loai theo nguong: tat ca thanh phan <= 5%: 108-94-1=≤1.3,giu theo nguong,"I,III"
CH-06-737,R07KN1177-160.00K-NC RETARDER,LỎNG,480,110-43-0; 111-76-2; 108-10-1; 108-65-6; 64742-82-1; 97-64-3; 108-94-1,False,True,False,False,II,II:2-Heptanon(110-43-0) | II:Metyl isobutyl keton(108-10-1) | II:Xyclohexanon(108-94-1),,True,False,giu theo nguong,,II
CH-06-738,R07KN1038-18.00K-PU RETARDER,LỎNG,864,108-65-6; 112-07-2; 64742-47-8; 97-64-3; 70657-70-4,False,False,False,False,,,,False,False,,,
CH-06-739,990B7300MU-21.00K-110-300 BONE BLACK,LỎNG,105,64742-82-1; 95-63-6; 96-29-7,False,False,False,False,,,,False,False,,,
CH-06-740,990L7703M-18.00K-TRANSPARENT YELLOW PASTE,LỎNG,0,64742-82-1; 95-63-6; 108-67-8; 96-29-7; 100-41-4,False,True,True,False,"II,III","II:1,3,5- Trimetyl benzen(108-67-8) | III/Nhóm 1:Etyl benzen(100-41-4)",,False,False,loai theo nguong: tat ca thanh phan <= 5%: 108-67-8=≤2.5,loai theo nguong: tat ca thanh phan <= 1%: 100-41-4=≤0.3,
CH-06-741,340C1960M-16.00K-NON YELLOWING GLAZE BASE,LỎNG,64,64742-47-8; 64742-48-9,False,False,False,False,,,,False,False,,,
CH-06-742,50B301-21.00K-LAMP BLACK PASTE,LỎNG,105,64742-82-1; 95-63-6; 96-29-7,False,False,False,False,,,,False,False,,,
CH-06-743,F63FN1380-18.00K-PU TOPCOAT (05),LỎNG,936,123-86-4 (>10%-<25%); 148462-57-1; 1330-20-7; 100-41-4; 108-65-6; 108-94-1,True,True,True,False,"I,II,III",I:Xylen(1330-20-7) | II:Xyclohexanon(108-94-1) | II:n-Butyl axetat(123-86-4) | III/Nhóm 1:Etyl benzen(100-41-4),123-86-4=>10%-<25%,True,True,giu theo nguong,giu theo nguong,"I,II,III"
CH-06-745,230:145:70000/A-18.00K-PU SEALER - BLACK,LỎNG,252,1330-20-7; 100-41-4; 123-86-4 (<10%); 557-05-1,True,True,True,False,"I,II,III",I:Xylen(1330-20-7) | II:n-Butyl axetat(123-86-4) | III/Nhóm 1:Etyl benzen(100-41-4),123-86-4=<10%,True,True,giu theo nguong,giu theo nguong,"I,II,III"
CH-06-746,F63CN1039-18.00K-PU TOPCOAT (90),LỎNG,180,123-86-4 (>10%-<25%); 108-10-1; 1330-20-7; 108-94-1; 108-65-6; 100-41-4; 97-64-3,True,True,True,False,"I,II,III",I:Xylen(1330-20-7) | II:Metyl isobutyl keton(108-10-1) | II:Xyclohexanon(108-94-1) | II:n-Butyl axetat(123-86-4) | III/Nhóm 1:Etyl benzen(100-41-4),123-86-4=>10%-<25%,True,True,giu theo nguong,giu theo nguong,"I,II,III"
CH-06-748,F63FN1381-18.00K - PU TOPCOAT (10)/18 KGM,LỎNG,270,123-86-4 (>10%-<25%); 100-41-4; 1330-20-7; 763-69-9; 108-65-6,True,True,True,False,"I,II,III",I:Xylen(1330-20-7) | II:n-Butyl axetat(123-86-4) | III/Nhóm 1:Etyl benzen(100-41-4),123-86-4=>10%-<25%,True,True,giu theo nguong,giu theo nguong,"I,II,III"
CH-06-749,F63FN1383-18.00K - PU TOPCOAT (30)/18 KGM,LỎNG,234,123-86-4 (>10%-<25%); 148462-57-1; 1330-20-7; 100-41-4; 108-56-7,True,True,True,False,"I,II,III",I:Xylen(1330-20-7) | II:n-Butyl axetat(123-86-4) | III/Nhóm 1:Etyl benzen(100-41-4),123-86-4=>10%-<25%,True,True,giu theo nguong,giu theo nguong,"I,II,III"
CH-06-752,230:054:10000/A-20.00K - PU SEALER - WHITE (LESS YELLOWING),LỎNG,320,123-86-4 (>25%-<50%); 1330-20-7; 148462-57-1; 100-41-4; 557-05-1; 80-62-6; 41556-26-7; 872-50-4; 82919-37-7,True,True,True,False,"I,II,III",I:Xylen(1330-20-7) | II:Metyl metacrylat(80-62-6) | II:n-Butyl axetat(123-86-4) | III/Nhóm 1:Etyl benzen(100-41-4),123-86-4=>25%-<50%,True,True,giu theo nguong,giu theo nguong,"I,II,III"
CH-06-754,NT899-180.00K - BAC THINNER (180 KGM),LỎNG,540,123-86-4 (>90%),False,True,False,False,II,II:n-Butyl axetat(123-86-4),123-86-4=>90%,True,False,giu theo nguong,,II
CH-06-757,F63FN1382-18.00K - PU TOPCOAT (20)/ 18KGM,LỎNG,324,123-86-4 (>10%-<25%); 148462-57-1; 1330-20-7; 100-41-4; 108-65-6; 67-63-0,True,True,True,False,"I,II,III",I:Isopropanol(67-63-0) | I:Xylen(1330-20-7) | II:Isopropanol(67-63-0) | II:n-Butyl axetat(123-86-4) | III/Nhóm 1:Etyl benzen(100-41-4),123-86-4=>10%-<25%,True,True,giu theo nguong,giu theo nguong,"I,II,III"
CH-06-758,F63WN0571-20.00K - PU TOPCOAT (10) - WHITE (LESS YELLOWING) / 20KGM,LỎNG,180,123-86-4 (>25%-<50%); 1330-20-7; 100-41-4; 41556-26-7; 80-62-6; 82919-37-7,True,True,True,False,"I,II,III",I:Xylen(1330-20-7) | II:Metyl metacrylat(80-62-6) | II:n-Butyl axetat(123-86-4) | III/Nhóm 1:Etyl benzen(100-41-4),123-86-4=>25%-<50%,True,True,giu theo nguong,giu theo nguong,"I,II,III"
CH-06-760,ED89247-9001-24.00K - LAQVA PRIME/ 24 KGM,LỎNG,648,111-76-2; 126-86-3,False,False,False,False,,,,False,False,,,
CH-06-761,ND89416-7001-20.00K - ENTRE PRIME/ 20 KGM,LỎNG,520,123-86-4 (>25%-<50%); 107-98-2; 78-83-1; 67-63-0; 108-65-6,True,True,False,False,"I,II",I:Isopropanol(67-63-0) | II:1-Metoxy-2-propanol(107-98-2) | II:Isobutanol(78-83-1) | II:Isopropanol(67-63-0) | II:n-Butyl axetat(123-86-4),123-86-4=>25%-<50%,True,False,giu theo nguong,,"I,II"
CH-06-762,NT89114-150.00K - THINNER/ 150 KGM,LỎNG,450,67-63-0 (>90%),True,True,False,False,"I,II",I:Isopropanol(67-63-0) | II:Isopropanol(67-63-0),67-63-0=>90%,True,False,giu theo nguong,,"I,II"
CH-06-763,NTV040-150.00K - THINNER/ 150 KGM,LỎNG,450,64742-48-9,False,False,False,False,,,,False,False,,,
CH-06-764,NZ89660-00202-180.00K - GLAZE/ 180 KGM,LỎNG,0,64742-82-1; 14808-60-7; 1330-20-7; 112-34-5; 95-63-6; 100-41-4; 108-65-6; 108-67-8,True,True,True,False,"I,II,III","I:Xylen(1330-20-7) | II:1,3,5- Trimetyl benzen(108-67-8) | III/Nhóm 1:Etyl benzen(100-41-4)",,False,True,loai theo nguong: tat ca thanh phan <= 5%: 108-67-8=≤1.4,giu theo nguong,"I,III"
CH-06-765,NZ89660-00203-18.00K - GLAZE/ 18 KGM,LỎNG,198,64742-48-9; 108-88-3 ( >25% - < 31%); 1330-20-7 ; 100-41-4; 15956-58-8,True,False,True,False,"I,III",I:Toluene(108-88-3) | I:Xylen(1330-20-7) | III/Nhóm 1:Etyl benzen(100-41-4) | III/Nhóm 2:Toluene(108-88-3),108-88-3= >25% - < 31%,False,True,,giu theo nguong,"I,III"
CH-06-767,R07KN0024-17.00K - BRASS THINNER/ 17 KGM,LỎNG,0,108-88-3 (>50 - <75%); 141-78-6; 108-65-6; 97-85-8; 2530-83-8,True,True,True,False,"I,II,III",I:Toluene(108-88-3) | II:Etyl axetat(141-78-6) | II:Isobutyl isobutyrat(97-85-8) | III/Nhóm 2:Toluene(108-88-3),108-88-3=>50 - <75%,True,True,giu theo nguong,giu theo nguong,"I,II,III"
CH-06-768,XZ511-2003-8.00K - MICRO TONER D RED/ 8 KGM,LỎNG,32,107-98-2; 64-17-5; 123-86-4(>10%-<25%); 5227-71-1; 67-56-1; 78-93-3; 1589-47-5; 108-10-1,True,True,True,True,"I,II,III,IV",I:Etanol(64-17-5) | I:Metanol(67-56-1) | I:Methyl ethyl ketone (MEK)(78-93-3) | II:1-Metoxy-2-propanol(107-98-2) | II:Metyl isobutyl keton(108-10-1) | II:n-Butyl axetat(123-86-4) | III/Nhóm 1:Metanol(67-56-1) | III/Nhóm 2:Methyl ethyl ketone (MEK)(78-93-3) | IV/Bảng A:Metanol(67-56-1) thr=500.000,123-86-4=>10%-<25%,True,False,giu theo nguong,loai theo nguong: tat ca thanh phan <= 1%: 67-56-1=<1; 78-93-3=<1,"I,II,IV"
CH-06-769,XZ511-3002-8.00K - MICRO TONER D BLUE/ 8 KGM,LỎNG,64,123-86-4 (>50%-<75%); 64-17-5; 94277-77-7; 67-56-1,True,True,True,True,"I,II,III,IV",I:Etanol(64-17-5) | I:Metanol(67-56-1) | II:n-Butyl axetat(123-86-4) | III/Nhóm 1:Metanol(67-56-1) | IV/Bảng A:Metanol(67-56-1) thr=500.000,123-86-4=>50%-<75%,True,True,giu theo nguong,giu theo nguong,"I,II,III,IV"
CH-06-770,V70CN0004-15.00K - ADDITIVE SOLUTION/ 15 KGM,LỎNG,0,64-17-5; 2530-83-8; 67-56-1,True,False,True,True,"I,III,IV",I:Etanol(64-17-5) | I:Metanol(67-56-1) | III/Nhóm 1:Metanol(67-56-1) | IV/Bảng A:Metanol(67-56-1) thr=500.000,,False,True,,giu theo nguong,"I,III,IV"
CH-06-771,216:098-160.00K - THINNER/ 160 KGM,LỎNG,480,64-17-5; 67-63-0 (<10%); 67-56-1,True,True,True,True,"I,II,III,IV",I:Etanol(64-17-5) | I:Isopropanol(67-63-0) | I:Metanol(67-56-1) | II:Isopropanol(67-63-0) | III/Nhóm 1:Metanol(67-56-1) | IV/Bảng A:Metanol(67-56-1) thr=500.000,67-63-0=<10%,True,True,giu theo nguong,giu theo nguong,"I,II,III,IV"
CH-06-773,286:017-140.00K - OIL BASED THINNER/ 140 KGM,LỎNG,700,64742-89-8; 108-88-3 (10%-25%),True,False,True,False,"I,III",I:Toluene(108-88-3) | III/Nhóm 2:Toluene(108-88-3),108-88-3=10%-25%,False,True,,giu theo nguong,"I,III"
CH-06-777,R04KN0001-166.00K - CLEANING THINNER/ 166 KGM,LỎNG,3320,108-88-3 (>50-<75%); 64-17-5; 67-64-1 (>10%-<25%),True,False,True,False,"I,III",I:Etanol(64-17-5) | I:Toluene(108-88-3) | III/Nhóm 2:Acetone(67-64-1) | III/Nhóm 2:Toluene(108-88-3),108-88-3=>50-<75%;67-64-1=>10%-<25%,False,True,,giu theo nguong,"I,III"
CH-06-778,R04KN0002-150.00K - CLEANING THINNER/ 150 KGM,LỎNG,900,67-64-1 (>90%); 78-93-3,True,False,True,False,"I,III",I:Methyl ethyl ketone (MEK)(78-93-3) | III/Nhóm 2:Acetone(67-64-1) | III/Nhóm 2:Methyl ethyl ketone (MEK)(78-93-3),67-64-1=>90%,False,True,,giu theo nguong,"I,III"
CH-06-783,XZ511-1005-8.00K - MICRO TONER D ORANGE/ 8 KGM,LỎNG,136,64-17-5; 107-98-2; 67-56-1; 84961-40-0; 1589-47-5,True,True,True,True,"I,II,III,IV",I:Etanol(64-17-5) | I:Metanol(67-56-1) | II:1-Metoxy-2-propanol(107-98-2) | III/Nhóm 1:Metanol(67-56-1) | IV/Bảng A:Metanol(67-56-1) thr=500.000,,True,True,giu theo nguong,giu theo nguong,"I,II,III,IV"
CH-06-784,XZ511-1008-8.00K - MICRO TONER D YELLOW/ 8 KGM,LỎNG,200,64-17-5; 67-56-1; 5601-29-6,True,False,True,True,"I,III,IV",I:Etanol(64-17-5) | I:Metanol(67-56-1) | III/Nhóm 1:Metanol(67-56-1) | IV/Bảng A:Metanol(67-56-1) thr=500.000,,False,True,,giu theo nguong,"I,III,IV"
CH-06-785,XZ511-4002-8.00K - MICRO TONER D GREEN/ 8 KGM,LỎNG,56,123-86-4; 64-17-5; 94277-77-7; 67-56-1,True,True,True,True,"I,II,III,IV",I:Etanol(64-17-5) | I:Metanol(67-56-1) | II:n-Butyl axetat(123-86-4) | III/Nhóm 1:Metanol(67-56-1) | IV/Bảng A:Metanol(67-56-1) thr=500.000,,True,True,giu theo nguong,giu theo nguong,"I,II,III,IV"
CH-06-786,XZ511-6004-8.00K - MICRO TONER D BROWN/ 8 KGM,LỎNG,32,123-86-4; 64-17-5; 94277-77-7; 67-56-1,True,True,True,True,"I,II,III,IV",I:Etanol(64-17-5) | I:Metanol(67-56-1) | II:n-Butyl axetat(123-86-4) | III/Nhóm 1:Metanol(67-56-1) | IV/Bảng A:Metanol(67-56-1) thr=500.000,,True,True,giu theo nguong,giu theo nguong,"I,II,III,IV"
CH-06-788,GA89101-9024-16.00K - VINDU OIL CLEAR/ 16 KGM,LỎNG,48,64742-48-9; 96-29-7; 15956-58-8; 55406-53-6,False,False,False,False,,,,False,False,,,
CH-06-794,S62BN0700-18.00k - PU GLAZE - BLACK/18 KGM,LỎNG,180,64742-82-1; 14808-60-7; 95-63-6; 1843-05-6; 100-41-4,False,False,True,False,III,III/Nhóm 1:Etyl benzen(100-41-4),,False,False,,loai theo nguong: tat ca thanh phan <= 1%: 100-41-4=≤0.3,
CH-06-795,S62NN0700-5.00K - PU GLAZE - BURN UMBER / 5KGM,LỎNG,120,64742-82-1; 14808-60-7; 95-63-6; 1843-05-6; 100-41-4,False,False,True,False,III,III/Nhóm 1:Etyl benzen(100-41-4),,False,False,,loai theo nguong: tat ca thanh phan <= 1%: 100-41-4=≤0.3,
CH-06-796,S62RN0700-18.00K - PU GLAZE - RED,LỎNG,0,64742-82-1; 14808-60-7; 95-63-6; 1843-05-6; 108-67-8; 100-41-4,False,True,True,False,"II,III","II:1,3,5- Trimetyl benzen(108-67-8) | III/Nhóm 1:Etyl benzen(100-41-4)",,False,False,loai theo nguong: tat ca thanh phan <= 5%: 108-67-8=<2.5,loai theo nguong: tat ca thanh phan <= 1%: 100-41-4=≤0.3,
CH-06-797,S62WN0700-20.00K - PU GLAZE - WHITE / 20 KGM,LỎNG,80,64742-82-1; 14808-60-7; 95-63-6; 1843-05-6; 108-67-8; 100-41-4,False,True,True,False,"II,III","II:1,3,5- Trimetyl benzen(108-67-8) | III/Nhóm 1:Etyl benzen(100-41-4)",,False,False,loai theo nguong: tat ca thanh phan <= 5%: 108-67-8=<2.5,loai theo nguong: tat ca thanh phan <= 1%: 100-41-4=≤0.3,
CH-06-798,S62YN0700-18.00K - PU GLAZE - YELLOW / 18 KGM,LỎNG,18,64742-82-1 ; 14808-60-7 ; 95-63-6 ; 1843-05-6 ; 108-67-8 ; 100-41-4,False,True,True,False,"II,III","II:1,3,5- Trimetyl benzen(108-67-8) | III/Nhóm 1:Etyl benzen(100-41-4)",,False,False,loai theo nguong: tat ca thanh phan <= 5%: 108-67-8=<2.5,loai theo nguong: tat ca thanh phan <= 1%: 100-41-4=≤0.3,
CH-06-808,UVA SOLUTION - 000193410-5.00K,LỎNG,10,104810-48-2; 104810-47-1; 84268-33-7,False,False,False,False,,,,False,False,,,
CH-06-809,UVA SOLUTION - V70CN0113-18.00K,LỎNG,54,123-86-4 (>75%-<90%); 1843-05-6; 107-98-2,False,True,False,False,II,II:1-Metoxy-2-propanol(107-98-2) | II:n-Butyl axetat(123-86-4),123-86-4=>75%-<90%,True,False,giu theo nguong,,II
CH-06-812,F63FN0574-18.00K - PU TOPCOAT (40) - (LESS YELLOWING),LỎNG,0,123-86-4 (>25-<50%); 1330-20-7; 100-41-4; 108-65-6; 763-69-9; 41556-26-7; 80-62-6; 82919-37-7,True,True,True,False,"I,II,III",I:Xylen(1330-20-7) | II:Metyl metacrylat(80-62-6) | II:n-Butyl axetat(123-86-4) | III/Nhóm 1:Etyl benzen(100-41-4),123-86-4=>25-<50%,True,True,giu theo nguong,giu theo nguong,"I,II,III"
CH-06-813,236:021-174.00K - PU THINNER,LỎNG,0,108-88-3 (>25%-<50%); 141-78-6; 763-69-9; 100-41-4; 1330-20-7; 108-65-6; 97-64-3,True,True,True,False,"I,II,III",I:Toluene(108-88-3) | I:Xylen(1330-20-7) | II:Etyl axetat(141-78-6) | III/Nhóm 1:Etyl benzen(100-41-4) | III/Nhóm 2:Toluene(108-88-3),108-88-3=>25%-<50%,True,True,giu theo nguong,giu theo nguong,"I,II,III"
CH-06-815,PU BARRIER COAT - F63TN0003-18.00K/18KGM,LỎNG,180,1330-20-7; 108-10-1; 100-41-4,True,True,True,False,"I,II,III",I:Xylen(1330-20-7) | II:Metyl isobutyl keton(108-10-1) | III/Nhóm 1:Etyl benzen(100-41-4),,True,True,giu theo nguong,giu theo nguong,"I,II,III"
CH-06-821,TOPCOAT (60) - (LESS YELLOWING) - F63FN0576-18.00K,LỎNG,0,123-86-4 (>25%-<50%); 1330-20-7; 100-41-4; 108-65-6; 763-69-9; 41556-26-7; 80-62-6; 82919-37-7,True,True,True,False,"I,II,III",I:Xylen(1330-20-7) | II:Metyl metacrylat(80-62-6) | II:n-Butyl axetat(123-86-4) | III/Nhóm 1:Etyl benzen(100-41-4),123-86-4=>25%-<50%,True,True,giu theo nguong,giu theo nguong,"I,II,III"
CH-06-913,F78FN1101-18.00K PU SEALER- LOW SOLID - 18 KGM,LỎNG,1386,123-86-4 (>10-<25%); 100-41-4; 1330-20-7; 763-69-9; 108-65-6; 557-05-1; 41556-26-7; 108-38-3; 106-42-3; 95-47-6; 80-62-6; 82919-37-7,True,True,True,False,"I,II,III",I:Xylen(1330-20-7) | II:Metyl metacrylat(80-62-6) | II:m-Xylen(108-38-3) | II:n-Butyl axetat(123-86-4) | II:o-Xylen(95-47-6) | II:p-Xylen(106-42-3) | III/Nhóm 1:Etyl benzen(100-41-4),123-86-4=>10-<25%,True,True,giu theo nguong,giu theo nguong,"I,II,III"
CH-06-914,F78FN1140-18.00K MPU LS TOPCOAT (05) - 18 KGM,LỎNG,0,123-86-4 (>10-<25%); 100-41-4; 1330-20-7; 763-69-9; 108-65-6; 41556-26-7; 108-38-3; 82919-37-7; 106-42-3; 95-47-6; 80-62-6,True,True,True,False,"I,II,III",I:Xylen(1330-20-7) | II:Metyl metacrylat(80-62-6) | II:m-Xylen(108-38-3) | II:n-Butyl axetat(123-86-4) | II:o-Xylen(95-47-6) | II:p-Xylen(106-42-3) | III/Nhóm 1:Etyl benzen(100-41-4),123-86-4=>10-<25%,True,True,giu theo nguong,giu theo nguong,"I,II,III"
CH-06-920,F78WN1109-20.00K MPU LS PRIMER - WHITE - 20 KGM,LỎNG,0,123-86-4 (>10-<25%); 100-41-4; 1330-20-7; 557-05-1; 763-69-9; 108-65-6; 41556-26-7; 108-38-3; 1259547-09-5; 82919-37-7; 77-99-6; 106-42-3; 95-47-6; 80-62-6,True,True,True,False,"I,II,III",I:Xylen(1330-20-7) | II:Metyl metacrylat(80-62-6) | II:m-Xylen(108-38-3) | II:n-Butyl axetat(123-86-4) | II:o-Xylen(95-47-6) | II:p-Xylen(106-42-3) | III/Nhóm 1:Etyl benzen(100-41-4),123-86-4=>10-<25%,True,True,giu theo nguong,giu theo nguong,"I,II,III"
CH-06-922,S62BN0724-18.00K - PU GLAZE-PIGMENTED (18 KG),LỎNG,126,64742-82-1; 14808-60-7; 95-63-6; 108-67-8; 1843-05-6; 100-41-4,False,True,True,False,"II,III","II:1,3,5- Trimetyl benzen(108-67-8) | III/Nhóm 1:Etyl benzen(100-41-4)",,False,False,loai theo nguong: tat ca thanh phan <= 5%: 108-67-8=<2.5,loai theo nguong: tat ca thanh phan <= 1%: 100-41-4=≤0.3,
CH-06-923,S62NN0725-20.00K - PU GLAZE-PIGMENTED (18 KG),LỎNG,160,64742-82-1; 14808-60-7; 95-63-6; 108-67-8; 1843-05-6; 100-41-4,False,True,True,False,"II,III","II:1,3,5- Trimetyl benzen(108-67-8) | III/Nhóm 1:Etyl benzen(100-41-4)",,False,False,loai theo nguong: tat ca thanh phan <= 5%: 108-67-8=≤2.5,loai theo nguong: tat ca thanh phan <= 1%: 100-41-4=≤0.3,
CH-06-924,S62NN0726-20.00K - PU GLAZE-PIGMENTED (18 KG),LỎNG,200,64742-82-1; 14808-60-7; 95-63-6; 108-67-8; 1843-05-6; 100-41-4,False,True,True,False,"II,III","II:1,3,5- Trimetyl benzen(108-67-8) | III/Nhóm 1:Etyl benzen(100-41-4)",,False,False,loai theo nguong: tat ca thanh phan <= 5%: 108-67-8=≤2.5,loai theo nguong: tat ca thanh phan <= 1%: 100-41-4=≤0.3,
CH-06-925,S62NN0727-20.00K - PU GLAZE-PIGMENTED (18 KG),LỎNG,100,64742-82-1; 14808-60-7; 95-63-6; 108-67-8; 1843-05-6; 100-41-4,False,True,True,False,"II,III","II:1,3,5- Trimetyl benzen(108-67-8) | III/Nhóm 1:Etyl benzen(100-41-4)",,False,False,loai theo nguong: tat ca thanh phan <= 5%: 108-67-8=<1,loai theo nguong: tat ca thanh phan <= 1%: 100-41-4=≤0.3,
CH-06-929,R07KN3022-180.00K-PU THIN (180 KGM),LỎNG,6300,100-41-4; 1330-20-7; 141-78-6; 148462-57-1; 763-69-9; 108-65-6; 97-64-3; 108-94-1,True,True,True,False,"I,II,III",I:Xylen(1330-20-7) | II:Etyl axetat(141-78-6) | II:Xyclohexanon(108-94-1) | III/Nhóm 1:Etyl benzen(100-41-4),,True,True,giu theo nguong,giu theo nguong,"I,II,III"
CH-06-930,R07KN1019-170.00K-THINNER (170 KGM),LỎNG,8840,123-86-4 (<10%); 763-69-9; 108-65-6; 97-64-3,False,True,False,False,II,II:n-Butyl axetat(123-86-4),123-86-4=<10%,True,False,giu theo nguong,,II
CH-06-931,R07KN4001-155.00K-GLAZE REDUCER (155 KGM),LỎNG,2635,64742-82-1; 95-63-6; 108-67-8; 100-41-4,False,True,True,False,"II,III","II:1,3,5- Trimetyl benzen(108-67-8) | III/Nhóm 1:Etyl benzen(100-41-4)",,False,False,loai theo nguong: tat ca thanh phan <= 5%: 108-67-8=<5,loai theo nguong: tat ca thanh phan <= 1%: 100-41-4=<1,
CH-06-932,V70CN0059-18.00K-TOUCH UP SOLUTION - 18 KGM,LỎNG,36,123-86-4 ( >75%-<90%); 62887-06-3; 2530-83-8; 148462-57-1; 108-10-1; 107-98-2,False,True,False,False,II,II:1-Metoxy-2-propanol(107-98-2) | II:Metyl isobutyl keton(108-10-1) | II:n-Butyl axetat(123-86-4),123-86-4= >75%-<90%,True,False,giu theo nguong,,II
CH-06-933,P62FN0024-180.00K,LỎNG,1080,100-41-4; 1330-20-7; 123-86-4 (<10%); 71-23-8; 64-17-5,True,True,True,False,"I,II,III",I:Etanol(64-17-5) | I:Xylen(1330-20-7) | II:Propan-1-ol(71-23-8) | II:n-Butyl axetat(123-86-4) | III/Nhóm 1:Etyl benzen(100-41-4),123-86-4=<10%,True,True,giu theo nguong,giu theo nguong,"I,II,III"
CH-06-934,P62WN0024-180.00K L/Y FLEXILE WHITE PRIMER - 180 KGM,LỎNG,2340,100-41-4; 1330-20-7; 71-23-8; 108-88-3 (<10%); 78-92-2; 64-17-5; 123-86-4; 763-69-9; 108-65-6; 78-83-1; 108-38-3; 67-56-1; 106-42-3; 95-47-6; 1259547-09-5,True,True,True,True,"I,II,III,IV",I:Etanol(64-17-5) | I:Metanol(67-56-1) | I:Toluene(108-88-3) | I:Xylen(1330-20-7) | II:Isobutanol(78-83-1) | II:Propan-1-ol(71-23-8) | II:m-Xylen(108-38-3) | II:n-Butyl axetat(123-86-4) | II:o-Xylen(95-47-6) | II:p-Xylen(106-42-3) | II:sec-Butanol(78-92-2) | III/Nhóm 1:Etyl benzen(100-41-4) | III/Nhóm 1:Metanol(67-56-1) | III/Nhóm 2:Toluene(108-88-3) | IV/Bảng A:Metanol(67-56-1) thr=500.000,108-88-3=<10%,True,True,giu theo nguong,giu theo nguong,"I,II,III,IV"
CH-06-935,T82FN0020-180.00K,LỎNG,360,71-23-8; 100-41-4; 1330-20-7; 123-86-4 (<10%),True,True,True,False,"I,II,III",I:Xylen(1330-20-7) | II:Propan-1-ol(71-23-8) | II:n-Butyl axetat(123-86-4) | III/Nhóm 1:Etyl benzen(100-41-4),123-86-4=<10%,True,True,giu theo nguong,giu theo nguong,"I,II,III"
CH-06-936,PU TOPCOAT (90) - (LESS YELLOWING) - F63CN0579-18.00K,LỎNG,0,123-86-4 (>25-<50%); 1330-20-7; 100-41-4; 763-69-9; 108-65-6; 80-62-6; 41556-26-7; 82919-37-7,True,True,True,False,"I,II,III",I:Xylen(1330-20-7) | II:Metyl metacrylat(80-62-6) | II:n-Butyl axetat(123-86-4) | III/Nhóm 1:Etyl benzen(100-41-4),123-86-4=>25-<50%,True,True,giu theo nguong,giu theo nguong,"I,II,III"
CH-06-937,V70FN0050-18.00K TOUCH UP SOLUTION - 18 KGM,LỎNG,36,123-86-4 (>50-<75%); 62887-06-3; 108-10-1; 108-94-1; 111-76-2; 67-63-0,True,True,False,False,"I,II",I:Isopropanol(67-63-0) | II:Isopropanol(67-63-0) | II:Metyl isobutyl keton(108-10-1) | II:Xyclohexanon(108-94-1) | II:n-Butyl axetat(123-86-4),123-86-4=>50-<75%,True,False,giu theo nguong,,"I,II"
CH-06-938,V70CN0038-18.00K FUNGICIDE SOLUTION,LỎNG,18,123-86-4 (>50-<75%); 107-98-2; 55406-53-6; -; 2426-08-06 ; 1589-47-5,False,True,False,False,II,II:1-Metoxy-2-propanol(107-98-2) | II:n-Butyl axetat(123-86-4),123-86-4=>50-<75%,True,False,giu theo nguong,,II
CH-06-939,233:002:70010-16.00K DYE STAIN - BLACK,LỎNG,96,78-93-3; 85186-64-7,True,False,True,False,"I,III",I:Methyl ethyl ketone (MEK)(78-93-3) | III/Nhóm 2:Methyl ethyl ketone (MEK)(78-93-3),,False,True,,giu theo nguong,"I,III"
CH-06-941,F63WN1369-22k PU TOPCOAT-WHITE full gloss,LỎNG,176,1330-20-7; 123-86-4 (<10%); 148462-57-1; 100-41-4; 108-94-1; 112-07-2; 64742-48-9; 1259547-09-5,True,True,True,False,"I,II,III",I:Xylen(1330-20-7) | II:Xyclohexanon(108-94-1) | II:n-Butyl axetat(123-86-4) | III/Nhóm 1:Etyl benzen(100-41-4),123-86-4=<10%,True,True,giu theo nguong,giu theo nguong,"I,II,III"
MT-05-2662,Hydroxy Amonium Carbonate-Bột Khai Hiệu Người Cá- Food Additive-Mermaid -Food grade,LỎNG,0,1336-21-6; 7732-18-5,False,False,False,False,,,,False,False,,,
CH-06-942,TV8903-4.00K PU HARDENER,LỎNG,0,123-86-4 (>50-<75%); 53880-05-0; 28182-81-2; 528598-79-0; 4098-71-9,False,True,True,False,"II,III",II:n-Butyl axetat(123-86-4) | III/Nhóm 1:Isophoron diisoxyanat(4098-71-9),123-86-4=>50-<75%,True,False,giu theo nguong,loai theo nguong: tat ca thanh phan <= 1%: 4098-71-9=≤0.3,II
CH-06-943,F78FN1142RSC-18.00K MPU LS TOPCOAT (20),LỎNG,468,123-86-4 (>25%-<50%); 108-10-1; 1330-20-7; 100-41-4; 763-69-9; 108-65-6; 108-94-1; 41556-26-7; 82919-37-7; 80-62-6,True,True,True,False,"I,II,III",I:Xylen(1330-20-7) | II:Metyl isobutyl keton(108-10-1) | II:Metyl metacrylat(80-62-6) | II:Xyclohexanon(108-94-1) | II:n-Butyl axetat(123-86-4) | III/Nhóm 1:Etyl benzen(100-41-4),123-86-4=>25%-<50%,True,True,giu theo nguong,giu theo nguong,"I,II,III"
CH-06-944,F78FN1146RSC-18.00K MPU LS TOPCOAT (60) - 18 KGM,LỎNG,198,123-86-4 (>25-<50%); 108-10-1; 1330-20-7; 100-41-4; 763-69-9; 108-65-6; 108-94-1; 41556-26-7; 82919-37-7; 80-62-6,True,True,True,False,"I,II,III",I:Xylen(1330-20-7) | II:Metyl isobutyl keton(108-10-1) | II:Metyl metacrylat(80-62-6) | II:Xyclohexanon(108-94-1) | II:n-Butyl axetat(123-86-4) | III/Nhóm 1:Etyl benzen(100-41-4),123-86-4=>25-<50%,True,True,giu theo nguong,giu theo nguong,"I,II,III"
CH-06-964,F78FN1141RSC-18.00K MPU LS TOPCOAT (10),LỎNG,576,123-86-4 (>25%-<50%); 108-10-1; 1330-20-7; 100-41-4; 763-69-9; 108-65-6; 108-94-1; 41556-26-7; 82919-37-7; 80-62-6,True,True,True,False,"I,II,III",I:Xylen(1330-20-7) | II:Metyl isobutyl keton(108-10-1) | II:Metyl metacrylat(80-62-6) | II:Xyclohexanon(108-94-1) | II:n-Butyl axetat(123-86-4) | III/Nhóm 1:Etyl benzen(100-41-4),123-86-4=>25%-<50%,True,True,giu theo nguong,giu theo nguong,"I,II,III"
CH-06-965,F78FN1143RSC-18.00K MPU LS TOPCOAT (30),LỎNG,450,123-86-4 (>25%-<50%); 108-10-1; 1330-20-7; 100-41-4; 763-69-9; 108-65-6; 108-94-1; 41556-26-7; 82919-37-7; 80-62-6,True,True,True,False,"I,II,III",I:Xylen(1330-20-7) | II:Metyl isobutyl keton(108-10-1) | II:Metyl metacrylat(80-62-6) | II:Xyclohexanon(108-94-1) | II:n-Butyl axetat(123-86-4) | III/Nhóm 1:Etyl benzen(100-41-4),123-86-4=>25%-<50%,True,True,giu theo nguong,giu theo nguong,"I,II,III"
CH-06-966,F78FN1144RSC-18.00K MPU LS TOPCOAT (40),LỎNG,252,123-86-4 (>25%-<50%); 108-10-1; 1330-20-7; 100-41-4; 763-69-9; 108-65-6; 108-94-1; 41556-26-7; 82919-37-7; 80-62-6,True,True,True,False,"I,II,III",I:Xylen(1330-20-7) | II:Metyl isobutyl keton(108-10-1) | II:Metyl metacrylat(80-62-6) | II:Xyclohexanon(108-94-1) | II:n-Butyl axetat(123-86-4) | III/Nhóm 1:Etyl benzen(100-41-4),123-86-4=>25%-<50%,True,True,giu theo nguong,giu theo nguong,"I,II,III"
CH-06-967,F78FN1147RSC-18.00K MPU LS TOPCOAT (70),LỎNG,90,123-86-4 (>25%-<50%); 108-10-1; 1330-20-7; 100-41-4; 763-69-9; 108-65-6; 108-94-1; 41556-26-7; 82919-37-7; 80-62-6,True,True,True,False,"I,II,III",I:Xylen(1330-20-7) | II:Metyl isobutyl keton(108-10-1) | II:Metyl metacrylat(80-62-6) | II:Xyclohexanon(108-94-1) | II:n-Butyl axetat(123-86-4) | III/Nhóm 1:Etyl benzen(100-41-4),123-86-4=>25%-<50%,True,True,giu theo nguong,giu theo nguong,"I,II,III"
CH-06-968,F78FN1140RSC-18.00K MPU LS TOPCOAT (05),LỎNG,1674,123-86-4 (>25%-<50%); 108-10-1; 1330-20-7; 100-41-4; 763-69-9; 108-65-6; 108-94-1; 41556-26-7; 82919-37-7; 80-62-6,True,True,True,False,"I,II,III",I:Xylen(1330-20-7) | II:Metyl isobutyl keton(108-10-1) | II:Metyl metacrylat(80-62-6) | II:Xyclohexanon(108-94-1) | II:n-Butyl axetat(123-86-4) | III/Nhóm 1:Etyl benzen(100-41-4),123-86-4=>25%-<50%,True,True,giu theo nguong,giu theo nguong,"I,II,III"
CH-06-969,F78CN1149RSC-18.00K MPU LS TOPCOAT (90),LỎNG,234,123-86-4 (>25%-<50%); 108-10-1; 1330-20-7; 100-41-4; 763-69-9; 108-65-6; 108-94-1; 41556-26-7; 82919-37-7; 80-62-6,True,True,True,False,"I,II,III",I:Xylen(1330-20-7) | II:Metyl isobutyl keton(108-10-1) | II:Metyl metacrylat(80-62-6) | II:Xyclohexanon(108-94-1) | II:n-Butyl axetat(123-86-4) | III/Nhóm 1:Etyl benzen(100-41-4),123-86-4=>25%-<50%,True,True,giu theo nguong,giu theo nguong,"I,II,III"
CH-06-1032,216:004-17.00K NC RETARDER,LỎNG,0,111-76-2,False,False,False,False,,,,False,False,,,
CH-06-1033,V66VN2505-4.50K PU HARDENER,LỎNG,972,141-78-6; 528598-79-0; 123-86-4 (>10%-<25%); 122-51-0; 26471-62-5,False,True,False,True,"II,IV",II:Etyl axetat(141-78-6) | II:Etyl orthoformat(122-51-0) | II:n-Butyl axetat(123-86-4) | IV/Bảng A:Toluen di-isoxyanat(26471-62-5) thr=10.000,123-86-4=>10%-<25%,True,False,giu theo nguong,,"II,IV"
CH-06-1034,F78WN1109RSC-20.00K MPU LS PRIMER - WHITE,LỎNG,1480,123-86-4 (>25%-<50%); 1330-20-7; 557-05-1; 108-10-1; 100-41-4; 41556-26-7; 1259547-09-5; 108-38-3; 82919-37-7; 77-99-6; 80-62-6; 106-42-3,True,True,True,False,"I,II,III",I:Xylen(1330-20-7) | II:Metyl isobutyl keton(108-10-1) | II:Metyl metacrylat(80-62-6) | II:m-Xylen(108-38-3) | II:n-Butyl axetat(123-86-4) | II:p-Xylen(106-42-3) | III/Nhóm 1:Etyl benzen(100-41-4),123-86-4=>25%-<50%,True,True,giu theo nguong,giu theo nguong,"I,II,III"
CH-06-1037,R07KN0037-170.00K PENETRATING GLAZE THINNER,LỎNG,510,108-88-3 (>25%-<50%); 100-41-4; 1330-20-7; 64742-95-6; 25551-13-7; 108-67-8; 95-63-6; 98-82-8,True,True,True,False,"I,II,III","I:Toluene(108-88-3) | I:Xylen(1330-20-7) | II:1,3,5- Trimetyl benzen(108-67-8) | II:Cumen(98-82-8) | III/Nhóm 1:Etyl benzen(100-41-4) | III/Nhóm 2:Toluene(108-88-3)",108-88-3=>25%-<50%,False,True,loai theo nguong: tat ca thanh phan <= 5%: 108-67-8=≤3; 98-82-8=<1,giu theo nguong,"I,III"
CH-06-1039,V70CN0045-15.00K ADHESION PROMOTER,LỎNG,180,67-63-0 (>90%),True,True,False,False,"I,II",I:Isopropanol(67-63-0) | II:Isopropanol(67-63-0),67-63-0=>90%,True,False,giu theo nguong,,"I,II"
CH-06-1055,T82FN0026-18.00K,LỎNG,136,64-17-5; 100-41-4; 1330-20-7; 123-86-4 (<10%); 763-69-9,True,True,True,False,"I,II,III",I:Etanol(64-17-5) | I:Xylen(1330-20-7) | II:n-Butyl axetat(123-86-4) | III/Nhóm 1:Etyl benzen(100-41-4),123-86-4=<10%,True,True,giu theo nguong,giu theo nguong,"I,II,III"
CH-06-1057,006256831-25.00K MICA S1122,LỎNG,25,,False,False,False,False,,,,False,False,,,
CH-06-1058,110C1300MU-167.00K NGR STAIN BASE/REDUCER,LỎNG,835,67-56-1; 78-93-3; 141-78-6; 111-76-2,True,True,True,True,"I,II,III,IV",I:Metanol(67-56-1) | I:Methyl ethyl ketone (MEK)(78-93-3) | II:Etyl axetat(141-78-6) | III/Nhóm 1:Metanol(67-56-1) | III/Nhóm 2:Methyl ethyl ketone (MEK)(78-93-3) | IV/Bảng A:Metanol(67-56-1) thr=500.000,,True,True,giu theo nguong,giu theo nguong,"I,II,III,IV"
AD-01-001,Glue dog 0.6l,LỎNG,528,9004-70-0,False,False,False,True,IV,"IV/Bảng A:Nitơ xenlulo (hàm lượng > 12,6% nitrogen)(9004-70-0) thr=10.000",,False,False,,,IV
AD-01-005,Glue 502 (12g/bottle),LỎNG,3500,9003-55-8; 25213-24-5; 471-34-1,False,False,False,False,,,,False,False,,,
AD-01-051,Glue KR560 -1200 kg/tank,LỎNG,3600,90-16-87-9; 101-68-8,False,False,False,False,,,,False,False,,,
AD-01-052,Catalyst AP (KR560-B) - 250 kg/drum,LỎNG,500,,False,False,False,False,,,,False,False,,,
AD-01-084,Glue - 105HP paste cane (Hiep Nhat) - 15 kg/can,LỎNG,30,110-54-3 ; 108-87-2; 67-64-1 (35%-45%); 9010-98-4,False,True,True,False,"II,III",II:Metyl xyclohexan(108-87-2) | II:n-Hexan(110-54-3) | III/Nhóm 2:Acetone(67-64-1),67-64-1=35%-45%,True,True,giu theo nguong,giu theo nguong,"II,III"
AD-01-089,X dog glue (15kg/can or 16.5ml/can),LỎNG,90,108-88-3 (70%); 64742-89-8,True,False,True,False,"I,III",I:Toluene(108-88-3) | III/Nhóm 2:Toluene(108-88-3),108-88-3=70%,False,True,,giu theo nguong,"I,III"
AD-01-109,KOYO PVA glue - KR150 - 1100kg/bồn,LỎNG,5500,,False,False,False,False,,,,False,False,,,
AD-01-110,"Glue, KR-190HR (1100Kg/Tank)",LỎNG,1100,,False,False,False,False,,,,False,False,,,
AD-02-005,Glue epoxide resin (Keo A - White color),LỎNG,210,,False,False,False,False,,,,False,False,,,
AD-02-014,Glue polymide (Keo B - Red color),LỎNG,180,,False,False,False,False,,,,False,False,,,
AD-04-001,Keo Cacbolsill,LỎNG,200,,False,False,False,False,,,,False,False,,,
AD-04-014,Keo (V-SR 1050) (Keo dán nỉ),LỎNG,450,141-78-6; 142-85-5; 9003-55-8; 8050-09-7,False,True,False,False,II,II:Etyl axetat(141-78-6),,True,False,giu theo nguong,,II
CH-06-148,212:001:10002-1.5K Natural Wood Putty D82TN0202-001.50K9L (12:01:1002),LỎNG,45,"108-88-3 (> 2,5% - < 10%); 67-63-0; 123-86-4 (>10% - < 25%); 14808-60-7; 14807-96-6; 1317-65-3",True,True,True,False,"I,II,III",I:Isopropanol(67-63-0) | I:Toluene(108-88-3) | II:Isopropanol(67-63-0) | II:n-Butyl axetat(123-86-4) | III/Nhóm 2:Toluene(108-88-3),"108-88-3=> 2,5% - < 10%;123-86-4=>10% - < 25%",True,True,giu theo nguong,giu theo nguong,"I,II,III"
CH-06-489,Toluene - chất pha keo Dog X66,LỎNG,30,108-88-3 (100%),True,False,True,False,"I,III",I:Toluene(108-88-3) | III/Nhóm 2:Toluene(108-88-3),108-88-3=100%,False,True,,giu theo nguong,"I,III"
RS-01-002,Butanox,LỎNG,50,1338-23-4; 131-11-3,False,False,False,True,IV,IV/Bảng A:Metyl etyl keton peroxit (> 60%)(1338-23-4) thr=5.000,,False,False,,,IV
RS-01-005,"RTV Silicone 818 - 24-25 shore A, 450-550 % elongation",LỎNG,200,,False,False,False,False,,,,False,False,,,
RS-01-006,Dung moi pha Polyeste nguyen sinh,LỎNG,50,100-42-5 ( 99.8%),True,False,True,False,"I,III",I:Vinyl benzen(100-42-5) | III/Nhóm 1:Vinyl benzen(100-42-5),100-42-5= 99.8%,False,True,,giu theo nguong,"I,III"
RS-01-010,"Nhua Polyester nguyen sinh - Loại Cứng (Hard Polyester) 
(SHCP 3330WP Casting resin)",LỎNG,450,100-42-5 (38%); 26182-24-1,True,False,True,False,"I,III",I:Vinyl benzen(100-42-5) | III/Nhóm 1:Vinyl benzen(100-42-5),100-42-5=38%,False,True,,giu theo nguong,"I,III"
RS-01-011,"Nhua Polyester nguyen sinh - Loại Mềm (Soft Polyester)
 (ETERSET RS-5272AP)",LỎNG,675,100-42-5 (30–40%); 58182-50-6,True,False,True,False,"I,III",I:Vinyl benzen(100-42-5) | III/Nhóm 1:Vinyl benzen(100-42-5),100-42-5=30–40%,False,True,,giu theo nguong,"I,III"
MT-05-556,Dầu DO,LỎNG,1000,68476-34-6,False,False,False,False,,,,False,False,,,
FS-05-063,LPG,KHÍ,225,74-84-0; 74-98-6; 106-97-8; 109-66-0; 75-08-1,False,False,False,True,IV,IV/Bảng A:Butan(106-97-8) thr=10.000 | IV/Bảng A:Etan(74-84-0) thr=10.000 | IV/Bảng A:Etyl mercaptan(75-08-1) thr=10.000 | IV/Bảng A:Pentan(109-66-0) thr=5.000 | IV/Bảng A:Propan(74-98-6) thr=10.000,,False,False,,,IV
