stt,code,name,cas_raw,cas,max_stock_kg,state,msds_path,src_row,cas_raw_goc,explosive_cat,explosive_h,flammable_cat,flammable_h,oxidizing_cat,oxidizing_h,gas_pressure_cat,gas_pressure_h,corrosive_cat,corrosive_h,toxic_cat,toxic_h,health_cat,health_h,env_cat,env_h,other_cat,other_h
1,CH-06-630,UV PROTECTIVE NC SEALER - T65FN0054-180.00K/ 180KG,123-86-4 (>10-<25%); 9004-70-0; 67-63-0; 1330-20-7; 100-41-4; 763-69-9; 557-05-1; 108-65-6; 1843-05-6,123-86-4;9004-70-0;67-63-0;1330-20-7;100-41-4;763-69-9;557-05-1;108-65-6;1843-05-6,2520,LỎNG,MSDS 176 mã 2026\CH-06-630.pdf,4,,,,3,H226,,,,,2A,H319,,,1,H370,2,H401,,
2,CH-06-633,UV PROTECTIVE NC TOPCOAT (05) - T75FN0540-180.00K/180KG,123-86-4 (>10-<25%); 9004-70-0; 67-63-0; 763-69-9; 108-65-6; 1843-05-6; 100-41-4,123-86-4;9004-70-0;67-63-0;763-69-9;108-65-6;1843-05-6;100-41-4,1620,LỎNG,MSDS 176 mã 2026\CH-06-633.pdf,5,,,,3,H226,,,,,2A,H319,,,1,H370,2,H411,,
3,CH-06-635,UV PROTECTIVE NC TOPCOAT (20) - T75FN0542-180.00K /180KG,123-86-4 (>10-<25%); 9004-70-0; 67-63-0 (<10%); 763-69-9; 108-65-6; 1843-05-6; 100-41-4,123-86-4;9004-70-0;67-63-0;763-69-9;108-65-6;1843-05-6;100-41-4,360,LỎNG,MSDS 176 mã 2026\CH-06-635.pdf,6,,,,3,H226,,,,,2A,H319,,,1,H370,,,,
4,CH-06-636,UV PROTECTIVE NC TOPCOAT (30) - T75FN0543-180.00K/180KG,123-86-4 (>10-<25%); 9004-70-0; 67-63-0; 763-69-9; 108-65-6; 1843-05-6; 107-98-2; 100-41-4,123-86-4;9004-70-0;67-63-0;763-69-9;108-65-6;1843-05-6;107-98-2;100-41-4,180,LỎNG,MSDS 176 mã 2026\CH-06-636.pdf,7,,,,3,H226,,,,,2A,H319,,,1,H370,,,,
5,CH-06-642,NC SEALER - WHITE - P61WN0054-200.00K/200KG,9004-70-0; 1330-20-7; 100-41-4; 67-63-0; 78-83-1; 123-86-4; 557-05-1; 1843-05-6,9004-70-0;1330-20-7;100-41-4;67-63-0;78-83-1;123-86-4;557-05-1;1843-05-6,1800,LỎNG,MSDS 176 mã 2026\CH-06-642.pdf,8,,,,3,H226,,,,,2A,H319,,,1,H370,2,H401,,
6,CH-06-643,VINYL SEALER - WHITE - P63WN1001-20.00K /200KG,123-86-4 (>25%-<50%); 100-41-4; 1330-20-7; 64-17-5; 9004-70-0; 67-63-0; 8013-07-8; 148462-57-1; 1843-05-6; 67-56-1; 55406-53-6,123-86-4;100-41-4;1330-20-7;64-17-5;9004-70-0;67-63-0;8013-07-8;148462-57-1;1843-05-6;67-56-1;55406-53-6,1800,LỎNG,MSDS 176 mã 2026\CH-06-643.pdf,9,,,,2,H225,,,,,2A,H319,,,1,H370,2,H401,,
7,CH-06-645,UV PROTECTIVE NC TOPCOAT (60) - T75FN0546-180.00K/180KG,9004-70-0; 123-86-4 (<10%); 67-63-0 (<10%); 763-69-9; 108-65-6; 1843-05-6; 100-41-4,9004-70-0;123-86-4;67-63-0;763-69-9;108-65-6;1843-05-6;100-41-4,180,LỎNG,MSDS 176 mã 2026\CH-06-645.pdf,10,,,,3,H226,,,,,2A,H319,,,1,H370,2,H401,,
8,CH-06-651,VINYL TOPCOAT 05 - T79FN1070-180.00K /180KG,123-86-4 (>25%-<50%); 1330-20-7; 71-36-3; 9004-70-0; 110-43-0; 100-41-4; 67-63-0; 55406-53-6; 1843-05-6,123-86-4;1330-20-7;71-36-3;9004-70-0;110-43-0;100-41-4;67-63-0;55406-53-6;1843-05-6,1080,LỎNG,MSDS 176 mã 2026\CH-06-651.pdf,11,,,,3,H226,,,,,1,H318,,,1,H370,2,H401,,
9,CH-06-790,T79FN1072-180.00K - VINYL TOPCOAT (20),123-86-4 (>25%-<50%); 100-41-4; 1330-20-7; 71-63-3; 9004-70-0; 110-43-0; 67-63-0; 55406-53-6; 1843-05-6,123-86-4;100-41-4;1330-20-7;71-63-3;9004-70-0;110-43-0;67-63-0;55406-53-6;1843-05-6,0,LỎNG,MSDS 176 mã 2026\CH-06-790.pdf,12,,,,3,H226,,,,,1,H318,,,1,H304,2,H401,,
10,CH-06-800,T79FN1071-180.00K - VINYL TOPCOAT 10 / 180,123-86-4 (>25%-<50%); 100-41-4; 1330-20-7; 71-36-3; 9004-70-0; 110-43-0; 67-63-0; 55406-53-6; 1843-05-6,123-86-4;100-41-4;1330-20-7;71-36-3;9004-70-0;110-43-0;67-63-0;55406-53-6;1843-05-6,180,LỎNG,MSDS 176 mã 2026\CH-06-800.pdf,13,,,,3,H226,,,,,2A,H319,,,1,H360,3,H402,,
11,CH-06-822,PU TOPCOAT (40) - F63FN1384-18.00K,123-86-4 (>10-<25%); 148462-57-1; 1330-20-7; 100-41-4; 108-65-6; 763-69-9; 9004-70-0; 67-63-0; 108-38-3,123-86-4;148462-57-1;1330-20-7;100-41-4;108-65-6;763-69-9;9004-70-0;67-63-0;108-38-3,180,LỎNG,MSDS 176 mã 2026\CH-06-822.pdf,14,,,,3,H226,,,,,,,,,1,H370,3,H402,,
12,CH-06-823,PU TOPCOAT (60) - F63FN1386-18.00K,123-86-4 (>10-<25%); 148462-57-1; 1330-20-7; 100-41-4; 108-65-6; 763-69-9; 9004-70-0; 67-63-0; 108-38-3,123-86-4;148462-57-1;1330-20-7;100-41-4;108-65-6;763-69-9;9004-70-0;67-63-0;108-38-3,468,LỎNG,MSDS 176 mã 2026\CH-06-823.pdf,15,,,,3,H226,,,,,,,,,1A,H317,4,H413,,
13,CH-06-824,CRACKLE BASE - CLEAR - T65TN0001-18.00K,78-93-3; 9004-70-0; 64-17-5; 123-86-4; 67-56-1; 100-41-4; 108-38-3,78-93-3;9004-70-0;64-17-5;123-86-4;67-56-1;100-41-4;108-38-3,198,LỎNG,MSDS 176 mã 2026\CH-06-824.pdf,16,,,,2,H225,,,,,2A,H319,4,H302,1,H371,,,,
14,CH-06-1056,M64WN0052-20.00K NC TOPCOAT (20) - WHITE,1330-20-7; 9004-70-0; 100-41-4; 64-17-5; 71-36-3; 123-86-4; 763-69-9; 108-65-6; 111-76-2,1330-20-7;9004-70-0;100-41-4;64-17-5;71-36-3;123-86-4;763-69-9;108-65-6;111-76-2,200,LỎNG,MSDS 176 mã 2026\CH-06-1056.pdf,17,,,,2,H225,,,,,1,H318,,,1,H304,2,H401,,
15,CH-06-1048,T65FN0036-180.00K UV PROTECTIVE NC SEALER,123-86-4 (>10%-<25%); 9004-70-0; 1330-20-7; 64-17-5; 100-41-4; 763-69-9; 108-65-6; 557-05-1,123-86-4;9004-70-0;1330-20-7;64-17-5;100-41-4;763-69-9;108-65-6;557-05-1,1620,LỎNG,MSDS 176 mã 2026\CH-06-1048.pdf,18,,,,2,H225,,,,,2,H319,,,1,H304,2,H401,,
16,CH-06-1049,T75FN0430-180.00K UV PROTECTIVE NC TOPCOAT (05),9004-70-0; 123-86-4 (<10%); 64-17-5; 1330-20-7; 763-69-9; 108-65-6; 100-41-4; 1843-05-6; 104810-48-2,9004-70-0;123-86-4;64-17-5;1330-20-7;763-69-9;108-65-6;100-41-4;1843-05-6;104810-48-2,1440,LỎNG,MSDS 176 mã 2026\CH-06-1049.pdf,19,,,,3,H226,,,,,2A,H319,,,2,H373,,,,
17,CH-06-1050,T75FN0432-180.00K UV PROTECTIVE NC TOPCOAT (20),9004-70-0; 123-86-4 (<10%); 64-17-5; 1330-20-7; 763-69-9; 108-65-6; 100-41-4; 1843-05-6; 104810-48-2,9004-70-0;123-86-4;64-17-5;1330-20-7;763-69-9;108-65-6;100-41-4;1843-05-6;104810-48-2,720,LỎNG,MSDS 176 mã 2026\CH-06-1050.pdf,20,,,,3,H226,,,,,3,H316,,,2,H373,,,,
18,CH-06-1059,P61WN0046-220.00K NC WHITE PRIMER,9004-70-0; 1330-20-7; 64-17-5; 557-05-1; 123-86-4; 100-41-4; 85711-46-2; 77-99-6,9004-70-0;1330-20-7;64-17-5;557-05-1;123-86-4;100-41-4;85711-46-2;77-99-6,2640,LỎNG,MSDS 176 mã 2026\CH-06-1059.pdf,21,,,,2,H226,,,,,2A,H319,,,1A,H360,2,H401,,
19,CH-01-005,Bleach H2O2 35/ thùng,7722-84-1; 7732-18-5,7722-84-1;7732-18-5,175,LỎNG,MSDS 176 mã 2026\CH-01-005.pdf,22,,,,4,H227,,,,,2A,H319,,,,,3,H402,,
20,CH-01-061,Chất tẩy gỗ Sodium Chlorite 80% (50kg),7775-09-9,7775-09-9,25,LỎNG,MSDS 176 mã 2026\CH-01-061.pdf,23,,,,,,1,H271,,,,,,,,,,,,
21,CH-02-157,235E0001MU-18.00K,78-93-3; 108-88-3 (>10% -<16%; 108-10-1; 100-41-4; 1330-20-7; 108-65-6,78-93-3;108-88-3;108-10-1;100-41-4;1330-20-7;108-65-6,0,LỎNG,MSDS 176 mã 2026\CH-02-157.pdf,24,,,,2,H225,,,,,,,,,2,H373,,,,
22,CH-03-034,297:002-20.ooK Water base wax V70FN0501-020.00K9L,N/A,,160,LỎNG,MSDS 176 mã 2026\CH-03-034.pdf,25,,,,,,,,,,2,H315,,,2,H373,,,,
23,CH-05-061,RICH GOLD POWDER (Sherwin-vn code: 0007480021-25.00K)-nhũ đồng,N/A,,50,RẮN,MSDS 176 mã 2026\CH-05-061.pdf,26,,,,,,,,,,2A,H319,,,1A,H360,3,H402,,
24,CH-06-125,ZZ000-P7818-5.00K,N/A,,55,LỎNG,MSDS 176 mã 2026\CH-06-125.pdf,27,,,,,,,,,,2A,H319,,,2,H373,,,,
25,CH-06-126,ZZ000-P5795-5.00K,121375-86-8,121375-86-8,55,LỎNG,MSDS 176 mã 2026\CH-06-126.pdf,28,,,,,,,,,,3,H316,,,2,H373,,,,
26,CH-06-134,214:002-18.00K,100-41-4; 1330-20-7; 71-36-3; 123-86-4 (50%-70%),100-41-4;1330-20-7;71-36-3;123-86-4,144,LỎNG,MSDS 176 mã 2026\CH-06-134.pdf,29,,,,3,H226,,,,,2A,H319,,,2,H373,,,,
27,CH-06-176,V70FN0001-20.00K Flatting paste,100-41-4; 1330-20-7; 108-65-6,100-41-4;1330-20-7;108-65-6,40,LỎNG,MSDS 176 mã 2026\CH-06-176.pdf,30,,,,3,H226,,,,,,,,,1B,H361,2,H401,,
28,CH-06-181,230:055/B-4.00K PU HARDENER V66VY0055-004.00KIO,123-86-4 (>25%-<50%); 28182-81-2; 108-65-6; 1330-20-7; 100-41-4; 122-51-0; 822-06-0,123-86-4;28182-81-2;108-65-6;1330-20-7;100-41-4;122-51-0;822-06-0,156,LỎNG,MSDS 176 mã 2026\CH-06-181.pdf,31,,,,3,H226,,,,,2A,H319,,,3,"H335, H336",2,H401,,
29,CH-06-190,S66FN0001-25.00K DISTRESSING POWDER,64742-82-1; 64742-88-7; 64742-48-9; 108-88-3; 64742-95-6; 98-82-8; 108-67-8; 95-63-6; 9005-25-8; 14807-96-6; 1317-65-3,64742-82-1;64742-88-7;64742-48-9;108-88-3;64742-95-6;98-82-8;108-67-8;95-63-6;9005-25-8;14807-96-6;1317-65-3,25,LỎNG,MSDS 176 mã 2026\CH-06-190.pdf,32,,,,3,H226,,,,,1,H318,,,3,"H335, H336",,,,
30,CH-06-198,EK89001-9001-25.00K - WOOD FILLER(SPECIAL),2634-33-5; 9005-25-8; 471-34-1; 1314-13-2,2634-33-5;9005-25-8;471-34-1;1314-13-2,1375,LỎNG,MSDS 176 mã 2026\CH-06-198.pdf,33,,,,,,,,,,3,H316,,,,,3,H402,,
31,CH-06-205,XZ8985-034-25.00K - SILVER PASTE,64742-88-7; 64742-95-6; 98-82--8; 108-67-8; 95-63-6; 112-80-1; 7429-90-5,64742-88-7;64742-95-6;108-67-8;95-63-6;112-80-1;7429-90-5,50,LỎNG,MSDS 176 mã 2026\CH-06-205.pdf,34,,,,3,H226,,,,,2A,H319,,,2,H351,3,H402,,
32,CH-06-211,238:001:70000-20.00K PIGMENTED STAIN -,1330-20-7; 100-41-4,1330-20-7;100-41-4,200,LỎNG,MSDS 176 mã 2026\CH-06-211.pdf,35,,,,3,H226,,,,,,,,,1A,H360,,,,
33,CH-06-220,Pigment Stain - White 238:001:10000-9.00K,100-41-4; 1330-20-7; 108-65-6; 13463-67-6,100-41-4;1330-20-7;108-65-6;13463-67-6,198,LỎNG,MSDS 176 mã 2026\CH-06-220.pdf,36,,,,3,H226,,,,,2A,H319,,,1A,H360,3,H402,,
34,CH-06-221,238:001:30000-5.00K,1330-20-7; 100-41--4; ,1330-20-7,20,LỎNG,MSDS 176 mã 2026\CH-06-221.pdf,37,,,,3,H226,,,,,2A,H319,,,1B,H361,,,,
35,CH-06-222,238:001:20002-7.00K,1330-20-7; 100-41-4,1330-20-7;100-41-4,49,LỎNG,MSDS 176 mã 2026\CH-06-222.pdf,38,,,,3,H226,,,,,2A,H319,,,3,"H335, H336",,,,
36,CH-06-227,238:008:70004-5.00K,108-65-6; 1330-20-7; 763-69-9 ; 100-41-4; 97-64-3; 106-42-3,108-65-6;1330-20-7;763-69-9;100-41-4;97-64-3;106-42-3,145,LỎNG,MSDS 176 mã 2026\CH-06-227.pdf,39,,,,3,H226,,,,,,,,,,,3,H412,,
37,CH-06-228,238:001:30002-7.00K,1330-20-7; 100-41-4,1330-20-7;100-41-4,210,LỎNG,MSDS 176 mã 2026\CH-06-228.pdf,40,,,,3,H226,,,,,3,H316,,,1,H304,3,H412,,
38,CH-06-240,EK89002-9001-25.00K - WB FILLER - WHITER,14808-60-7; 1317-65-3; 13463-67-7,14808-60-7;1317-65-3;13463-67-7,700,LỎNG,MSDS 176 mã 2026\CH-06-240.pdf,41,,,,,,,,,,2A,H319,,,1,H370,3,H412,,
39,CH-06-275,BRASS LACQUER 90 SHEEN L61CN0039-18.00K,108-94-1; 123-86-4 (75%-100%),108-94-1;123-86-4,252,LỎNG,MSDS 176 mã 2026\CH-06-275.pdf,42,,,,3,H226,,,,,2A,H319,,,2,H351,3,,,
40,CH-06-311,BRASS LACQUER 5 SHEEN L61FN0040-18.00K,111-76-2; 108-10-1; 108-94-1; 123-86-4 (>50%-<75%); 7631-86-9,111-76-2;108-10-1;108-94-1;123-86-4;7631-86-9,144,LỎNG,MSDS 176 mã 2026\CH-06-311.pdf,43,,,,3,H226,,,,,2A,H319,,,1,H370,,,,
41,CH-06-355,230:063/B-4.50K - PU HARDENER KG,123-86-4 (>25%-<50%); 28182-81-2; 108-65-6; 1330-20-7; 100-41-4; 122-51-0; 822-06-0,123-86-4;28182-81-2;108-65-6;1330-20-7;100-41-4;122-51-0;822-06-0,1323,LỎNG,MSDS 176 mã 2026\CH-06-355.pdf,44,,,,3,H226,,,,,2A,H319,,,1,H370,,,,
42,CH-06-361,230:30790:10000/A-18.00K,1330-20-7; 123-86-4; 100-41-4,1330-20-7;123-86-4;100-41-4,180,LỎNG,MSDS 176 mã 2026\CH-06-361.pdf,45,,,,3,H226,,,,,2,H319,,,1,H370,,,,
43,CH-06-364,238:001:20011-5.00K,123-86-4 (>25%-<50%); 1330-20-7; 100-41-4,123-86-4;1330-20-7;100-41-4,60,LỎNG,MSDS 176 mã 2026\CH-06-364.pdf,46,,,,3,H226,,,,,2A,H319,,,1,H370,,,,
44,CH-06-366,230:07890:70201/A-18.00K,1330-20-7; 123-86-4 (<10%); 100-41-4,1330-20-7;123-86-4;100-41-4,0,LỎNG,MSDS 176 mã 2026\CH-06-366.pdf,47,,,,2,H225,,,,,2A,H319,,,1,H360,2,H401,,
45,CH-06-383,"Paint - 000740557-3.00K, Aluminium Paste",7429-90-5; 67-64-1; 70657-70-4,7429-90-5;67-64-1;70657-70-4,6,LỎNG,MSDS 176 mã 2026\CH-06-383.pdf,48,,,,3,H226,,,,,2A,H319,,,1,H370,2,H401,,
46,CH-06-447,LEATHER LACQUER (80)/ SƠN TRÊN DA (80) - 234:02180-17.00K,1330-20-7; 123-86-4 (>10%-<25%); 78-93-3; 109159-24-2; 100-41-4; 78-83-1,1330-20-7;123-86-4;78-93-3;109159-24-2;100-41-4;78-83-1,187,LỎNG,MSDS 176 mã 2026\CH-06-447.pdf,49,,,,2,H225,,,,,2A,H319,,,1,H370,,,,
47,CH-06-485,F63CN0139-90Kg/barrel - PU MODIFIED BRASS LACQUER,123-86-4 (>25%-<50%); 108-10-1; 108-94-1; 2530-83-8; 148462-57-1; 97-88-1; 80-62-6,123-86-4;108-10-1;108-94-1;2530-83-8;148462-57-1;97-88-1;80-62-6,252,LỎNG,MSDS 176 mã 2026\CH-06-485.pdf,50,,,,3,H226,,,,,2A,H319,,,1,H304,3,H402,,
48,CH-06-545,XZ8987-015-25.00K,N/A,,25,LỎNG,MSDS 176 mã 2026\CH-06-545.pdf,51,,,,,,,,,,1,H318,,,1A,H334,2,H401,,
49,CH-06-553,PREMIUM L/Y LACQUER (20) - T70FN1302-180.00K/180KG,123-86-4 ( >10%- <25%); 1330-20-7; 100-41-4; 108-88-3; 108-65-6; 8013-07-8; 67-63-0; 1843-05-6,123-86-4;1330-20-7;100-41-4;108-88-3;108-65-6;8013-07-8;67-63-0;1843-05-6,0,LỎNG,MSDS 176 mã 2026\CH-06-553.pdf,52,,,,3,H226,,,,,1,H318,,,1,H370,2,H401,,
50,CH-06-562,XX1803-4224-M - CARE TINT GREEN - 4LIT/CAN,108-65-6; 1259547-09-5; 70657-70-4,108-65-6;1259547-09-5;70657-70-4,64,LỎNG,MSDS 176 mã 2026\CH-06-562.pdf,53,,,,3,H226,,,,,2A,H319,,,1A,H304,3,H402,,
51,CH-06-564,238:001:20001-5.00K - STAIN - SCARLET - 5KG/CAN,108-65-6; 100-41-4; 1330-20-7; 70657-70-4,108-65-6;100-41-4;1330-20-7;70657-70-4,100,LỎNG,MSDS 176 mã 2026\CH-06-564.pdf,54,,,,3,H226,,,,,2A,H319,,,1A,H304,2,H401,,
52,CH-06-565,238:001:40000-5.00K - STAIN - BLUE - 5KG/CAN,1330-20-7; 100-41-4; 70657-70-4,1330-20-7;100-41-4;70657-70-4,70,LỎNG,MSDS 176 mã 2026\CH-06-565.pdf,55,,,,3,H226,,,,,2A,H319,,,1A,H304,2,H401,,
53,CH-06-567,230:085/B-4.50K - PU HARDENER - 4.5KG/CAN,123-86-4 (>50%-<75%); 26426-91-5; 28182-81-2,123-86-4;26426-91-5;28182-81-2,180,LỎNG,MSDS 176 mã 2026\CH-06-567.pdf,56,,,,2,H225,,,,,2A,H319,,,1A,H304,2,H401,,
54,CH-06-569,XZ8986-006-25.00K,64742-48-9; 64742-95-6,64742-48-9;64742-95-6,0,LỎNG,MSDS 176 mã 2026\CH-06-569.pdf,57,,,,,,,,,,2A,H319,,,1A,H304,3,H412,,
55,CH-06-572,CLEAR WAX 150-37-16KG,64742-48-9; 64742-95-6; 95-63-6,64742-48-9;64742-95-6;95-63-6,192,LỎNG,MSDS 176 mã 2026\CH-06-572.pdf,58,,,,,,,,,,2A,H319,4,H332,1,H370,2,H401,,
56,CH-06-631,UV PROTECTIVE NC TOPCOAT (90) - T75CN0549-18.00K/18KG,123-86-4 (>25%-<50%); 67-63-0; 1843-05-6; 100-41-4,123-86-4;67-63-0;1843-05-6;100-41-4,0,LỎNG,MSDS 176 mã 2026\CH-06-631.pdf,59,,,,3,H226,,,,,2A,H319,4,H302,1A,H304,1,H400,,
57,CH-06-638,UV PROTECTIVE NC TOPCOAT (40 - T75FN0544-180.00K/18KG,123-86-4 (<10%); 67-63-0 (<7.1%); 108-65-6; 1843-05-6; 100-41-5,123-86-4;67-63-0;108-65-6;1843-05-6;100-41-5,180,LỎNG,MSDS 176 mã 2026\CH-06-638.pdf,60,,,,3,H226,,,,,2A,H319,,,1,H370,3,H412,,
58,CH-06-646,LACQUER FOR GILDING (50) - T75FN1295-18.00K/18KG,78-93-3; 67-63-0 (<10%); 100-41-4; 123-86-4 (<10%); 1330-20-7,78-93-3;67-63-0;100-41-4;123-86-4;1330-20-7,72,LỎNG,MSDS 176 mã 2026\CH-06-646.pdf,61,,,,2,H225,,,,,2A,H319,,,1,H304,3,H402,,
59,CH-06-649,VINYL TOPCOAT 60 - T79FN1076-18.00K/18KG,123-86-4 (>25%-<50%); 100-41-4; 1330-20-7; 71-36-3; 110-43-0; 67-63-0; 55406-53-6; 1843-05-6,123-86-4;100-41-4;1330-20-7;71-36-3;110-43-0;67-63-0;55406-53-6;1843-05-6,0,LỎNG,MSDS 176 mã 2026\CH-06-649.pdf,62,,,,3,H226,,,,,1,H318,5,H303,1,H304,,,,
60,CH-06-652,PU TOPCOAT (10) - (LESS YELLOWING) - F63FN0571-18.00K / 18KG,123-86-4 (>25%-<50%); 1330-20-7; 108-65-6; 100-41-4; 97-64-3; 763-69-9; 1843-05-6; 41556-26-7; 80-62-6; 82919-37-7,123-86-4;1330-20-7;108-65-6;100-41-4;97-64-3;763-69-9;1843-05-6;41556-26-7;80-62-6;82919-37-7,306,LỎNG,MSDS 176 mã 2026\CH-06-652.pdf,63,,,,3,H226,,,,,3,H316,,,1A,H350,,,,
61,CH-06-653,PU SEALER - F63FN1077-18.00K /18KG,1330-20-7; 141-78-6; 100-41-4; 557-05-1; 123-86-4,1330-20-7;141-78-6;100-41-4;557-05-1;123-86-4,900,LỎNG,MSDS 176 mã 2026\CH-06-653.pdf,64,,,,2,H225,,,,,3,H316,,,1A,H350,3,H412,,
62,CH-06-654,PU SEALER - F63FN0057-18.00K/ 18KG,123-86-4 (>25%-<50%); 1330-20-7; 148462-57-1; 100-41-4; 557-05-1; 80-62-6; 41556-26-7; 82919-37-7,123-86-4;1330-20-7;148462-57-1;100-41-4;557-05-1;80-62-6;41556-26-7;82919-37-7,396,LỎNG,MSDS 176 mã 2026\CH-06-654.pdf,65,,,,3,H226,,,,,,,,,1A,H350,3,H412,,
63,CH-06-660,VINYL SEALER - T67FN1008-170.00K /170KGH,123-86-4 (>25%-<50%); 100-41-4; 1330-20-7; 64-17-5; 67-63-0; 8013-07-8; 557-05-1; 1843-05-6; 55406-53-6,123-86-4;100-41-4;1330-20-7;64-17-5;67-63-0;8013-07-8;557-05-1;1843-05-6;55406-53-6,1020,LỎNG,MSDS 176 mã 2026\CH-06-660.pdf,66,,,,2,H225,,,,,2A,H319,,,1A,H350,3,H412,,
64,CH-06-668,SB FILLER - NATURAL - 232:008:10002-25.00K/25KG,14808-60-7; 64742-94-5; 1330-20-7; 100-41-4; 91-20-3,14808-60-7;64742-94-5;1330-20-7;100-41-4;91-20-3,150,LỎNG,MSDS 176 mã 2026\CH-06-668.pdf,67,,,,3,H226,,,,,1,H318,4,H332,1,H372,3,H412,,
65,CH-06-669,PU TOPCOAT (30) - (LESS YELLOWING) - F63FN0573-20.00K/20KG,100-41-4; 1330-20-7; 77-58-7,100-41-4;1330-20-7;77-58-7,200,LỎNG,MSDS 176 mã 2026\CH-06-669.pdf,68,,,,3,H226,,,,,2A,H319,,,1A,H360,2,H411,,
66,CH-06-672,GOLD POWDER-1201 - XZ8908-0012-25.00K / 25 KGM,7440-50-8; 7440-66-7,7440-50-8;7440-66-7,25,LỎNG,MSDS 176 mã 2026\CH-06-672.pdf,69,,,,,,,,,,,,,,1A,H350,2,H411,,
67,CH-06-688,NP89001-4.00K - METAL EFFECT LACQUER - SILVER/4 KGM,123-86-4 (>50%-<75%); 108-65-6; 763-69-9; 97-64-3; 7429-90-5; 108-10-1; 107-98-2; 67-64-1,123-86-4;108-65-6;763-69-9;97-64-3;7429-90-5;108-10-1;107-98-2;67-64-1,28,LỎNG,MSDS 176 mã 2026\CH-06-688.pdf,70,,,,3,H226,,,,,,,,,1A,H350,2,H411,,
68,CH-06-695,007480039-25.00K - GOLD POWDER/25 KGM,7440-50-8; 7440-66-6,7440-50-8;7440-66-6,25,LỎNG,MSDS 176 mã 2026\CH-06-695.pdf,71,,,,,,,,,,,,,,1,H304,2,H411,,
69,CH-06-731,340W0002MU-20.00K-POWDER GLAZE,64742-89-8; 14808-60-7,64742-89-8;14808-60-7,300,LỎNG,MSDS 176 mã 2026\CH-06-731.pdf,72,,,,,,,,,,3,H316,,,1A,H350,3,H412,,
70,CH-06-732,340D0056MU-24.00K-ANTIQUE GLAZE,64742-82-1; 111-76-2; 95-63-6; 14808-60-7; 96-29-7,64742-82-1;111-76-2;95-63-6;14808-60-7;96-29-7,120,LỎNG,MSDS 176 mã 2026\CH-06-732.pdf,73,,,,2,H225,,,,,2A,H319,,,2,H373,3,H402,,
71,CH-06-733,340D1082MU-21.00K-PECAN GLAZE,64742-82-1; 6846-50-0; 1330-20-7; 100-41-4; 14808-60-7; 95-63-6; 111-76-2; 96-29-7,64742-82-1;6846-50-0;1330-20-7;100-41-4;14808-60-7;95-63-6;111-76-2;96-29-7,147,LỎNG,MSDS 176 mã 2026\CH-06-733.pdf,74,,,,3,H226,,,,,2A,H319,,,1,H304,2,H401,,
72,CH-06-735,990W7800MU-25.00K- 110-800 WHITE,64742-82-1; 96-29-7; 77-99-6,64742-82-1;96-29-7;77-99-6,125,LỎNG,MSDS 176 mã 2026\CH-06-735.pdf,75,,,,3,H226,,,,,1,H318,,,2,H351,3,H402,,
73,CH-06-736,230:145:10000/A-18.00K-PU SEALER - WHITE,1330-20-7; 100-41-4; 557-05-1; 108-65-6; 108-94-1; 1259547-09-5,1330-20-7;100-41-4;557-05-1;108-65-6;108-94-1;1259547-09-5,990,LỎNG,MSDS 176 mã 2026\CH-06-736.pdf,76,,,,3,H226,,,,,2A,H319,,,2,H373,3,H402,,
74,CH-06-737,R07KN1177-160.00K-NC RETARDER,110-43-0; 111-76-2; 108-10-1; 108-65-6; 64742-82-1; 97-64-3; 108-94-1,110-43-0;111-76-2;108-10-1;108-65-6;64742-82-1;97-64-3;108-94-1,480,LỎNG,MSDS 176 mã 2026\CH-06-737.pdf,77,,,,3,H226,,,,,2A,H319,,,2,H371,3,H402,,
75,CH-06-738,R07KN1038-18.00K-PU RETARDER,108-65-6; 112-07-2; 64742-47-8; 97-64-3; 70657-70-4,108-65-6;112-07-2;64742-47-8;97-64-3;70657-70-4,864,LỎNG,MSDS 176 mã 2026\CH-06-738.pdf,78,,,,3,H226,,,,,2A,H319,,,1A,H360,2,H401,,
76,CH-06-739,990B7300MU-21.00K-110-300 BONE BLACK,64742-82-1; 95-63-6; 96-29-7,64742-82-1;95-63-6;96-29-7,105,LỎNG,MSDS 176 mã 2026\CH-06-739.pdf,79,,,,3,H226,,,,,,,,,3,"H335, H336",,,,
77,CH-06-740,990L7703M-18.00K-TRANSPARENT YELLOW PASTE,64742-82-1; 95-63-6; 108-67-8; 96-29-7; 100-41-4,64742-82-1;95-63-6;108-67-8;96-29-7;100-41-4,0,LỎNG,MSDS 176 mã 2026\CH-06-740.pdf,80,,,,3,H226,,,,,2A,H319,,,1A,H360,2,H401,,
78,CH-06-741,340C1960M-16.00K-NON YELLOWING GLAZE BASE,64742-47-8; 64742-48-9,64742-47-8;64742-48-9,64,LỎNG,MSDS 176 mã 2026\CH-06-741.pdf,81,,,,3,H226,,,,,2A,H319,,,1,H304,2,H401,,
79,CH-06-742,50B301-21.00K-LAMP BLACK PASTE,64742-82-1; 95-63-6; 96-29-7,64742-82-1;95-63-6;96-29-7,105,LỎNG,MSDS 176 mã 2026\CH-06-742.pdf,82,,,,3,H226,,,,,3,H316,,,1A,H317,,,,
80,CH-06-743,F63FN1380-18.00K-PU TOPCOAT (05),123-86-4 (>10%-<25%); 148462-57-1; 1330-20-7; 100-41-4; 108-65-6; 108-94-1,123-86-4;148462-57-1;1330-20-7;100-41-4;108-65-6;108-94-1,936,LỎNG,MSDS 176 mã 2026\CH-06-743.pdf,83,,,,3,H226,,,,,1,H318,,,3,"H335, H336",3,H402,,
81,CH-06-745,230:145:70000/A-18.00K-PU SEALER - BLACK,1330-20-7; 100-41-4; 123-86-4 (<10%); 557-05-1,1330-20-7;100-41-4;123-86-4;557-05-1,252,LỎNG,MSDS 176 mã 2026\CH-06-745.pdf,84,,,,3,H226,,,,,2A,H319,,,3,"H335, H336",,,,
82,CH-06-746,F63CN1039-18.00K-PU TOPCOAT (90),123-86-4 (>10%-<25%); 108-10-1; 1330-20-7; 108-94-1; 108-65-6; 100-41-4; 97-64-3,123-86-4;108-10-1;1330-20-7;108-94-1;108-65-6;100-41-4;97-64-3,180,LỎNG,MSDS 176 mã 2026\CH-06-746.pdf,85,,,,3,H226,,,,,,,3,H331,1,H304,,,,
83,CH-06-748,F63FN1381-18.00K - PU TOPCOAT (10)/18 KGM,123-86-4 (>10%-<25%); 100-41-4; 1330-20-7; 763-69-9; 108-65-6,123-86-4;100-41-4;1330-20-7;763-69-9;108-65-6,270,LỎNG,MSDS 176 mã 2026\CH-06-748.pdf,86,,,,3,H226,,,,,2A,H319,,,1,H304,2,H401,,
84,CH-06-749,F63FN1383-18.00K - PU TOPCOAT (30)/18 KGM,123-86-4 (>10%-<25%); 148462-57-1; 1330-20-7; 100-41-4; 108-56-7,123-86-4;148462-57-1;1330-20-7;100-41-4;108-56-7,234,LỎNG,MSDS 176 mã 2026\CH-06-749.pdf,87,,,,3,H226,,,,,2A,H319,5,H303,1,H304,2,H401,,
85,CH-06-752,230:054:10000/A-20.00K - PU SEALER - WHITE (LESS YELLOWING),123-86-4 (>25%-<50%); 1330-20-7; 148462-57-1; 100-41-4; 557-05-1; 80-62-6; 41556-26-7; 872-50-4; 82919-37-7,123-86-4;1330-20-7;148462-57-1;100-41-4;557-05-1;80-62-6;41556-26-7;872-50-4;82919-37-7,320,LỎNG,MSDS 176 mã 2026\CH-06-752.pdf,88,,,,3,H226,,,,,2A,H319,4,H302,1,H304,2,H401,,
86,CH-06-754,NT899-180.00K - BAC THINNER (180 KGM),123-86-4 (>90%),123-86-4,540,LỎNG,MSDS 176 mã 2026\CH-06-754.pdf,89,,,,3,H226,,,,,2A,H319,4,H332,1A,H360,3,H402,,
87,CH-06-757,F63FN1382-18.00K - PU TOPCOAT (20)/ 18KGM,123-86-4 (>10%-<25%); 148462-57-1; 1330-20-7; 100-41-4; 108-65-6; 67-63-0,123-86-4;148462-57-1;1330-20-7;100-41-4;108-65-6;67-63-0,324,LỎNG,MSDS 176 mã 2026\CH-06-757.pdf,90,,,,3,H226,,,,,2A,H319,,,1A,H360,2,H401,,
88,CH-06-758,F63WN0571-20.00K - PU TOPCOAT (10) - WHITE (LESS YELLOWING) / 20KGM,123-86-4 (>25%-<50%); 1330-20-7; 100-41-4; 41556-26-7; 80-62-6; 82919-37-7,123-86-4;1330-20-7;100-41-4;41556-26-7;80-62-6;82919-37-7,180,LỎNG,MSDS 176 mã 2026\CH-06-758.pdf,91,,,,3,H226,,,,,1,H318,3,H311,1,H370,2,H401,,
89,CH-06-760,ED89247-9001-24.00K - LAQVA PRIME/ 24 KGM,111-76-2; 126-86-3,111-76-2;126-86-3,648,LỎNG,MSDS 176 mã 2026\CH-06-760.pdf,92,,,,3,H226,,,,,2A,H319,3,H311,1,H370,,,,
90,CH-06-761,ND89416-7001-20.00K - ENTRE PRIME/ 20 KGM,123-86-4 (>25%-<50%); 107-98-2; 78-83-1; 67-63-0; 108-65-6,123-86-4;107-98-2;78-83-1;67-63-0;108-65-6,520,LỎNG,MSDS 176 mã 2026\CH-06-761.pdf,93,,,,3,H226,,,,,,,,,1,H372,,,,
91,CH-06-762,NT89114-150.00K - THINNER/ 150 KGM,67-63-0 (>90%),67-63-0,450,LỎNG,MSDS 176 mã 2026\CH-06-762.pdf,94,,,,2,H225,,,,,2,H315,,,1,H372,,,,
92,CH-06-763,NTV040-150.00K - THINNER/ 150 KGM,64742-48-9,64742-48-9,450,LỎNG,MSDS 176 mã 2026\CH-06-763.pdf,95,,,,2,H225,,,,,2A,H319,,,3,"H335, H336",,,,
93,CH-06-764,NZ89660-00202-180.00K - GLAZE/ 180 KGM,64742-82-1; 14808-60-7; 1330-20-7; 112-34-5; 95-63-6; 100-41-4; 108-65-6; 108-67-8,64742-82-1;14808-60-7;1330-20-7;112-34-5;95-63-6;100-41-4;108-65-6;108-67-8,0,LỎNG,MSDS 176 mã 2026\CH-06-764.pdf,96,,,,3,H226,,,,,2A,H319,5,H303,1,H370,2,H401,,
94,CH-06-765,NZ89660-00203-18.00K - GLAZE/ 18 KGM,64742-48-9; 108-88-3 ( >25% - < 31%); 1330-20-7 ; 100-41-4; 15956-58-8,64742-48-9;108-88-3;1330-20-7;100-41-4;15956-58-8,198,LỎNG,MSDS 176 mã 2026\CH-06-765.pdf,97,,,,2,H225,,,,,2A,H319,3,H311,1,H370,2,H401,,
95,CH-06-767,R07KN0024-17.00K - BRASS THINNER/ 17 KGM,108-88-3 (>50 - <75%); 141-78-6; 108-65-6; 97-85-8; 2530-83-8,108-88-3;141-78-6;108-65-6;97-85-8;2530-83-8,0,LỎNG,MSDS 176 mã 2026\CH-06-767.pdf,98,,,,2,H225,,,,,2A,H319,,,1,H370,2,H401,,
96,CH-06-768,XZ511-2003-8.00K - MICRO TONER D RED/ 8 KGM,107-98-2; 64-17-5; 123-86-4(>10%-<25%); 5227-71-1; 67-56-1; 78-93-3; 1589-47-5; 108-10-1,107-98-2;64-17-5;123-86-4;5227-71-1;67-56-1;78-93-3;1589-47-5;108-10-1,32,LỎNG,MSDS 176 mã 2026\CH-06-768.pdf,99,,,,2,H225,,,,,2A,H319,,,1,H370,2,H401,,
97,CH-06-769,XZ511-3002-8.00K - MICRO TONER D BLUE/ 8 KGM,123-86-4 (>50%-<75%); 64-17-5; 94277-77-7; 67-56-1,123-86-4;64-17-5;94277-77-7;67-56-1,64,LỎNG,MSDS 176 mã 2026\CH-06-769.pdf,100,,,,2,H225,,,,,,,4,H332,1A,H350,3,H402,,
98,CH-06-770,V70CN0004-15.00K - ADDITIVE SOLUTION/ 15 KGM,64-17-5; 2530-83-8; 67-56-1,64-17-5;2530-83-8;67-56-1,0,LỎNG,MSDS 176 mã 2026\CH-06-770.pdf,101,,,,2,H225,,,,,1,H318,,,1,H304,2,H401,,
99,CH-06-771,216:098-160.00K - THINNER/ 160 KGM,64-17-5; 67-63-0 (<10%); 67-56-1,64-17-5;67-63-0;67-56-1,480,LỎNG,MSDS 176 mã 2026\CH-06-771.pdf,102,,,,2,H225,,,,,3,H316,,,1,H304,2,H411,,
100,CH-06-773,286:017-140.00K - OIL BASED THINNER/ 140 KGM,64742-89-8; 108-88-3 (10%-25%),64742-89-8;108-88-3,700,LỎNG,MSDS 176 mã 2026\CH-06-773.pdf,103,,,,2,H225,,,,,3,H316,,,1,H304,2,H411,,
101,CH-06-777,R04KN0001-166.00K - CLEANING THINNER/ 166 KGM,108-88-3 (>50-<75%); 64-17-5; 67-64-1 (>10%-<25%),108-88-3;64-17-5;67-64-1,3320,LỎNG,MSDS 176 mã 2026\CH-06-777.pdf,104,,,,2,H225,,,,,3,H316,,,1,H304,2,H411,,
102,CH-06-778,R04KN0002-150.00K - CLEANING THINNER/ 150 KGM,67-64-1 (>90%); 78-93-3,67-64-1;78-93-3,900,LỎNG,MSDS 176 mã 2026\CH-06-778.pdf,105,,,,2,H225,,,,,3,H316,,,1A,H360,2,H411,,
103,CH-06-783,XZ511-1005-8.00K - MICRO TONER D ORANGE/ 8 KGM,64-17-5; 107-98-2; 67-56-1; 84961-40-0; 1589-47-5,64-17-5;107-98-2;67-56-1;84961-40-0;1589-47-5,136,LỎNG,MSDS 176 mã 2026\CH-06-783.pdf,106,,,,2,H225,,,,,3,H316,,,1,H304,2,H411,,
104,CH-06-784,XZ511-1008-8.00K - MICRO TONER D YELLOW/ 8 KGM,64-17-5; 67-56-1; 5601-29-6,64-17-5;67-56-1;5601-29-6,200,LỎNG,MSDS 176 mã 2026\CH-06-784.pdf,107,,,,2,H225,,,,,1,H318,5,H303,1,H370,2,H401,,
105,CH-06-785,XZ511-4002-8.00K - MICRO TONER D GREEN/ 8 KGM,123-86-4; 64-17-5; 94277-77-7; 67-56-1,123-86-4;64-17-5;94277-77-7;67-56-1,56,LỎNG,MSDS 176 mã 2026\CH-06-785.pdf,108,,,,2,H225,,,,,,,,,1A,H317,2,H401,,
106,CH-06-786,XZ511-6004-8.00K - MICRO TONER D BROWN/ 8 KGM,123-86-4; 64-17-5; 94277-77-7; 67-56-1,123-86-4;64-17-5;94277-77-7;67-56-1,32,LỎNG,MSDS 176 mã 2026\CH-06-786.pdf,109,,,,2,H225,,,,,2B,H320,,,1A,H317,3,H402,,
107,CH-06-788,GA89101-9024-16.00K - VINDU OIL CLEAR/ 16 KGM,64742-48-9; 96-29-7; 15956-58-8; 55406-53-6,64742-48-9;96-29-7;15956-58-8;55406-53-6,48,LỎNG,MSDS 176 mã 2026\CH-06-788.pdf,110,,,,3,H226,,,,,2B,H320,,,1,H304,2,H401,,
108,CH-06-794,S62BN0700-18.00k - PU GLAZE - BLACK/18 KGM,64742-82-1; 14808-60-7; 95-63-6; 1843-05-6; 100-41-4,64742-82-1;14808-60-7;95-63-6;1843-05-6;100-41-4,180,LỎNG,MSDS 176 mã 2026\CH-06-794.pdf,111,,,,3,H226,,,,,2A,H319,4,H332,1,H370,2,H401,,
109,CH-06-795,S62NN0700-5.00K - PU GLAZE - BURN UMBER / 5KGM,64742-82-1; 14808-60-7; 95-63-6; 1843-05-6; 100-41-4,64742-82-1;14808-60-7;95-63-6;1843-05-6;100-41-4,120,LỎNG,MSDS 176 mã 2026\CH-06-795.pdf,112,64742-82-1; 14808-60-7; 95-63-6; 108-67-8; 1843-05-6; 100-41-4,,,3,H226,,,,,2B,H320,4,H332,1,H304,2,H401,,
110,CH-06-796,S62RN0700-18.00K - PU GLAZE - RED,64742-82-1; 14808-60-7; 95-63-6; 1843-05-6; 108-67-8; 100-41-4,64742-82-1;14808-60-7;95-63-6;1843-05-6;108-67-8;100-41-4,0,LỎNG,MSDS 176 mã 2026\CH-06-796.pdf,113,,,,4,H227,,,,,2B,H320,,,1,H304,2,H401,,
111,CH-06-797,S62WN0700-20.00K - PU GLAZE - WHITE / 20 KGM,64742-82-1; 14808-60-7; 95-63-6; 1843-05-6; 108-67-8; 100-41-4,64742-82-1;14808-60-7;95-63-6;1843-05-6;108-67-8;100-41-4,80,LỎNG,MSDS 176 mã 2026\CH-06-797.pdf,114,,,,3,H226,,,,,2A,H319,,,1A,H360,2,H401,,
112,CH-06-798,S62YN0700-18.00K - PU GLAZE - YELLOW / 18 KGM,64742-82-1 ; 14808-60-7 ; 95-63-6 ; 1843-05-6 ; 108-67-8 ; 100-41-4,64742-82-1;14808-60-7;95-63-6;1843-05-6;108-67-8;100-41-4,18,LỎNG,MSDS 176 mã 2026\CH-06-798.pdf,115,,,,3,H226,,,,,2A,H319,,,1A,H360,2,H401,,
113,CH-06-808,UVA SOLUTION - 000193410-5.00K,104810-48-2; 104810-47-1; 84268-33-7,104810-48-2;104810-47-1;84268-33-7,10,LỎNG,MSDS 176 mã 2026\CH-06-808.pdf,116,,,,,,,,,,2A,H319,4,H332,2,H371,,,,
114,CH-06-809,UVA SOLUTION - V70CN0113-18.00K,123-86-4 (>75%-<90%); 1843-05-6; 107-98-2,123-86-4;1843-05-6;107-98-2,54,LỎNG,MSDS 176 mã 2026\CH-06-809.pdf,117,,,,3,H226,,,,,2B,H320,,,1,H304,2,H401,,
115,CH-06-812,F63FN0574-18.00K - PU TOPCOAT (40) - (LESS YELLOWING),123-86-4 (>25-<50%); 1330-20-7; 100-41-4; 108-65-6; 763-69-9; 41556-26-7; 80-62-6; 82919-37-7,123-86-4;1330-20-7;100-41-4;108-65-6;763-69-9;41556-26-7;80-62-6;82919-37-7,0,LỎNG,MSDS 176 mã 2026\CH-06-812.pdf,118,,,,3,H226,,,,,2B,H320,,,1,H304,2,H401,,
116,CH-06-813,236:021-174.00K - PU THINNER,108-88-3 (>25%-<50%); 141-78-6; 763-69-9; 100-41-4; 1330-20-7; 108-65-6; 97-64-3,108-88-3;141-78-6;763-69-9;100-41-4;1330-20-7;108-65-6;97-64-3,0,LỎNG,MSDS 176 mã 2026\CH-06-813.pdf,119,,,,2,H225,,,,,2B,H320,,,1,H304,2,H401,,
117,CH-06-815,PU BARRIER COAT - F63TN0003-18.00K/18KGM,1330-20-7; 108-10-1; 100-41-4,1330-20-7;108-10-1;100-41-4,180,LỎNG,MSDS 176 mã 2026\CH-06-815.pdf,120,,,,2,H225,,,,,3,H316,,,1,H304,2,H411,,
118,CH-06-821,TOPCOAT (60) - (LESS YELLOWING) - F63FN0576-18.00K,123-86-4 (>25%-<50%); 1330-20-7; 100-41-4; 108-65-6; 763-69-9; 41556-26-7; 80-62-6; 82919-37-7,123-86-4;1330-20-7;100-41-4;108-65-6;763-69-9;41556-26-7;80-62-6;82919-37-7,0,LỎNG,MSDS 176 mã 2026\CH-06-821.pdf,121,,,,3,H226,,,,,3,H316,,,1,H304,2,H411,,
119,CH-06-913,F78FN1101-18.00K PU SEALER- LOW SOLID - 18 KGM,123-86-4 (>10-<25%); 100-41-4; 1330-20-7; 763-69-9; 108-65-6; 557-05-1; 41556-26-7; 108-38-3; 106-42-3; 95-47-6; 80-62-6; 82919-37-7,123-86-4;100-41-4;1330-20-7;763-69-9;108-65-6;557-05-1;41556-26-7;108-38-3;106-42-3;95-47-6;80-62-6;82919-37-7,1386,LỎNG,MSDS 176 mã 2026\CH-06-913.pdf,122,,,,3,H226,,,,,3,H316,,,1,H304,2,H411,,
120,CH-06-914,F78FN1140-18.00K MPU LS TOPCOAT (05) - 18 KGM,123-86-4 (>10-<25%); 100-41-4; 1330-20-7; 763-69-9; 108-65-6; 41556-26-7; 108-38-3; 82919-37-7; 106-42-3; 95-47-6; 80-62-6,123-86-4;100-41-4;1330-20-7;763-69-9;108-65-6;41556-26-7;108-38-3;82919-37-7;106-42-3;95-47-6;80-62-6,0,LỎNG,MSDS 176 mã 2026\CH-06-914.pdf,123,,,,3,H226,,,,,3,H316,,,1,H304,2,H411,,
121,CH-06-920,F78WN1109-20.00K MPU LS PRIMER - WHITE - 20 KGM,123-86-4 (>10-<25%); 100-41-4; 1330-20-7; 557-05-1; 763-69-9; 108-65-6; 41556-26-7; 108-38-3; 1259547-09-5; 82919-37-7; 77-99-6; 106-42-3; 95-47-6; 80-62-6,123-86-4;100-41-4;1330-20-7;557-05-1;763-69-9;108-65-6;41556-26-7;108-38-3;1259547-09-5;82919-37-7;77-99-6;106-42-3;95-47-6;80-62-6,0,LỎNG,MSDS 176 mã 2026\CH-06-920.pdf,124,,,,3,H226,,,,,2A,H319,,,1,H370,2,H401,,
122,CH-06-922,S62BN0724-18.00K - PU GLAZE-PIGMENTED (18 KG),64742-82-1; 14808-60-7; 95-63-6; 108-67-8; 1843-05-6; 100-41-4,64742-82-1;14808-60-7;95-63-6;108-67-8;1843-05-6;100-41-4,126,LỎNG,MSDS 176 mã 2026\CH-06-922.pdf,125,,,,3,H226,,,,,3,H316,,,1,H304,2,H411,,
123,CH-06-923,S62NN0725-20.00K - PU GLAZE-PIGMENTED (18 KG),64742-82-1; 14808-60-7; 95-63-6; 108-67-8; 1843-05-6; 100-41-4,64742-82-1;14808-60-7;95-63-6;108-67-8;1843-05-6;100-41-4,160,LỎNG,MSDS 176 mã 2026\CH-06-923.pdf,126,,,,3,H226,,,,,2A,H319,,,1A,H360,2,H411,,
124,CH-06-924,S62NN0726-20.00K - PU GLAZE-PIGMENTED (18 KG),64742-82-1; 14808-60-7; 95-63-6; 108-67-8; 1843-05-6; 100-41-4,64742-82-1;14808-60-7;95-63-6;108-67-8;1843-05-6;100-41-4,200,LỎNG,MSDS 176 mã 2026\CH-06-924.pdf,127,,,,3,H226,,,,,2A,H319,,,2,H351,3,H402,,
125,CH-06-925,S62NN0727-20.00K - PU GLAZE-PIGMENTED (18 KG),64742-82-1; 14808-60-7; 95-63-6; 108-67-8; 1843-05-6; 100-41-4,64742-82-1;14808-60-7;95-63-6;108-67-8;1843-05-6;100-41-4,100,LỎNG,MSDS 176 mã 2026\CH-06-925.pdf,128,,,,3,H226,,,,,1,H318,,,1A,H360,2,H401,,
126,CH-06-929,R07KN3022-180.00K-PU THIN (180 KGM),100-41-4; 1330-20-7; 141-78-6; 148462-57-1; 763-69-9; 108-65-6; 97-64-3; 108-94-1,100-41-4;1330-20-7;141-78-6;148462-57-1;763-69-9;108-65-6;97-64-3;108-94-1,6300,LỎNG,MSDS 176 mã 2026\CH-06-929.pdf,129,,,,2,H225,,,,,1,H318,,,1,H370,2,H401,,
127,CH-06-930,R07KN1019-170.00K-THINNER (170 KGM),123-86-4 (<10%); 763-69-9; 108-65-6; 97-64-3,123-86-4;763-69-9;108-65-6;97-64-3,8840,LỎNG,MSDS 176 mã 2026\CH-06-930.pdf,130,,,,3,H226,,,,,1,H318,,,1A,H360,2,H401,,
128,CH-06-931,R07KN4001-155.00K-GLAZE REDUCER (155 KGM),64742-82-1; 95-63-6; 108-67-8; 100-41-4,64742-82-1;95-63-6;108-67-8;100-41-4,2635,LỎNG,MSDS 176 mã 2026\CH-06-931.pdf,131,,,,3,H226,,,,,2B,H320,,,1,H304,2,H401,,
129,CH-06-932,V70CN0059-18.00K-TOUCH UP SOLUTION - 18 KGM,123-86-4 ( >75%-<90%); 62887-06-3; 2530-83-8; 148462-57-1; 108-10-1; 107-98-2,123-86-4;62887-06-3;2530-83-8;148462-57-1;108-10-1;107-98-2,36,LỎNG,MSDS 176 mã 2026\CH-06-932.pdf,132,,,,3,H226,,,,,2A,H319,3,H331,1,H370,3,H402,,
130,CH-06-933,P62FN0024-180.00K,100-41-4; 1330-20-7; 123-86-4 (<10%); 71-23-8; 64-17-5,100-41-4;1330-20-7;123-86-4;71-23-8;64-17-5,1080,LỎNG,MSDS 176 mã 2026\CH-06-933.pdf,133,,,,2,H225,,,,,1,H318,3,H331,1A,H360,1,H400,,
131,CH-06-934,P62WN0024-180.00K L/Y FLEXILE WHITE PRIMER - 180 KGM,100-41-4; 1330-20-7; 71-23-8; 108-88-3 (<10%); 78-92-2; 64-17-5; 123-86-4; 763-69-9; 108-65-6; 78-83-1; 108-38-3; 67-56-1; 106-42-3; 95-47-6; 1259547-09-5,100-41-4;1330-20-7;71-23-8;108-88-3;78-92-2;64-17-5;123-86-4;763-69-9;108-65-6;78-83-1;108-38-3;67-56-1;106-42-3;95-47-6;1259547-09-5,2340,LỎNG,MSDS 176 mã 2026\CH-06-934.pdf,134,,,,2,H225,,,,,2A,H319,4,H332,2,H371,,,,
132,CH-06-935,T82FN0020-180.00K,71-23-8; 100-41-4; 1330-20-7; 123-86-4 (<10%),71-23-8;100-41-4;1330-20-7;123-86-4,360,LỎNG,MSDS 176 mã 2026\CH-06-935.pdf,135,,,,2,H225,,,,,2A,H319,,,1,H370,2,H401,,
133,CH-06-936,PU TOPCOAT (90) - (LESS YELLOWING) - F63CN0579-18.00K,123-86-4 (>25-<50%); 1330-20-7; 100-41-4; 763-69-9; 108-65-6; 80-62-6; 41556-26-7; 82919-37-7,123-86-4;1330-20-7;100-41-4;763-69-9;108-65-6;80-62-6;41556-26-7;82919-37-7,0,LỎNG,MSDS 176 mã 2026\CH-06-936.pdf,136,,,,3,H226,,,,,1A,H314,,,3,H331,,,,
134,CH-06-937,V70FN0050-18.00K TOUCH UP SOLUTION - 18 KGM,123-86-4 (>50-<75%); 62887-06-3; 108-10-1; 108-94-1; 111-76-2; 67-63-0,123-86-4;62887-06-3;108-10-1;108-94-1;111-76-2;67-63-0,36,LỎNG,MSDS 176 mã 2026\CH-06-937.pdf,137,,,,3,H226,,,,,2A,H319,,,1A,H317,3,H402,,
135,CH-06-938,V70CN0038-18.00K FUNGICIDE SOLUTION,123-86-4 (>50-<75%); 107-98-2; 55406-53-6; -; 2426-08-06 ; 1589-47-5,123-86-4;107-98-2;55406-53-6;2426-08-0;1589-47-5,18,LỎNG,MSDS 176 mã 2026\CH-06-938.pdf,138,,,,3,H226,,,,,2B,H320,4,H332,1A,H360,2,H401,,
136,CH-06-939,233:002:70010-16.00K DYE STAIN - BLACK,78-93-3; 85186-64-7,78-93-3;85186-64-7,96,LỎNG,MSDS 176 mã 2026\CH-06-939.pdf,139,,,,2,H225,,,,,2B,H320,4,H332,1A,H360,2,H401,,
137,CH-06-941,F63WN1369-22k PU TOPCOAT-WHITE full gloss,1330-20-7; 123-86-4 (<10%); 148462-57-1; 100-41-4; 108-94-1; 112-07-2; 64742-48-9; 1259547-09-5,1330-20-7;123-86-4;148462-57-1;100-41-4;108-94-1;112-07-2;64742-48-9;1259547-09-5,176,LỎNG,MSDS 176 mã 2026\CH-06-941.pdf,140,,,,3,H226,,,,,2B,H320,4,H332,1A,H360,2,H401,,
138,MT-05-2662,Hydroxy Amonium Carbonate-Bột Khai Hiệu Người Cá- Food Additive-Mermaid -Food grade,1336-21-6; 7732-18-5,1336-21-6;7732-18-5,0,LỎNG,MSDS 176 mã 2026\MT-05-2662.pdf,141,,,,,,,,,,2B,H320,4,H332,1A,H360,2,H401,,
139,CH-06-942,TV8903-4.00K PU HARDENER,123-86-4 (>50-<75%); 53880-05-0; 28182-81-2; 528598-79-0; 4098-71-9,123-86-4;53880-05-0;28182-81-2;528598-79-0;4098-71-9,0,LỎNG,MSDS 176 mã 2026\CH-06-942.pdf,142,,,,3,H226,,,,,2B,H320,4,H332,1A,H360,2,H401,,
140,CH-06-943,F78FN1142RSC-18.00K MPU LS TOPCOAT (20),123-86-4 (>25%-<50%); 108-10-1; 1330-20-7; 100-41-4; 763-69-9; 108-65-6; 108-94-1; 41556-26-7; 82919-37-7; 80-62-6,123-86-4;108-10-1;1330-20-7;100-41-4;763-69-9;108-65-6;108-94-1;41556-26-7;82919-37-7;80-62-6,468,LỎNG,MSDS 176 mã 2026\CH-06-943.pdf,143,,,,3,H226,,,,,2B,H320,4,H332,1A,H360,2,H401,,
141,CH-06-944,F78FN1146RSC-18.00K MPU LS TOPCOAT (60) - 18 KGM,123-86-4 (>25-<50%); 108-10-1; 1330-20-7; 100-41-4; 763-69-9; 108-65-6; 108-94-1; 41556-26-7; 82919-37-7; 80-62-6,123-86-4;108-10-1;1330-20-7;100-41-4;763-69-9;108-65-6;108-94-1;41556-26-7;82919-37-7;80-62-6,198,LỎNG,MSDS 176 mã 2026\CH-06-944.pdf,144,,,,3,H226,,,,,2B,H320,4,H332,1A,H360,2,H401,,
142,CH-06-964,F78FN1141RSC-18.00K MPU LS TOPCOAT (10),123-86-4 (>25%-<50%); 108-10-1; 1330-20-7; 100-41-4; 763-69-9; 108-65-6; 108-94-1; 41556-26-7; 82919-37-7; 80-62-6,123-86-4;108-10-1;1330-20-7;100-41-4;763-69-9;108-65-6;108-94-1;41556-26-7;82919-37-7;80-62-6,576,LỎNG,MSDS 176 mã 2026\CH-06-964.pdf,145,,,,3,H226,,,,,2B,H320,4,H332,1A,H360,2,H401,,
143,CH-06-965,F78FN1143RSC-18.00K MPU LS TOPCOAT (30),123-86-4 (>25%-<50%); 108-10-1; 1330-20-7; 100-41-4; 763-69-9; 108-65-6; 108-94-1; 41556-26-7; 82919-37-7; 80-62-6,123-86-4;108-10-1;1330-20-7;100-41-4;763-69-9;108-65-6;108-94-1;41556-26-7;82919-37-7;80-62-6,450,LỎNG,MSDS 176 mã 2026\CH-06-965.pdf,146,,,,3,H226,,,,,2A,H319,4,H332,3,"H335, H336",,,,
144,CH-06-966,F78FN1144RSC-18.00K MPU LS TOPCOAT (40),123-86-4 (>25%-<50%); 108-10-1; 1330-20-7; 100-41-4; 763-69-9; 108-65-6; 108-94-1; 41556-26-7; 82919-37-7; 80-62-6,123-86-4;108-10-1;1330-20-7;100-41-4;763-69-9;108-65-6;108-94-1;41556-26-7;82919-37-7;80-62-6,252,LỎNG,MSDS 176 mã 2026\CH-06-966.pdf,147,,,,3,H226,,,,,2A,H319,4,H332,1A,H334,,,,
145,CH-06-967,F78FN1147RSC-18.00K MPU LS TOPCOAT (70),123-86-4 (>25%-<50%); 108-10-1; 1330-20-7; 100-41-4; 763-69-9; 108-65-6; 108-94-1; 41556-26-7; 82919-37-7; 80-62-6,123-86-4;108-10-1;1330-20-7;100-41-4;763-69-9;108-65-6;108-94-1;41556-26-7;82919-37-7;80-62-6,90,LỎNG,MSDS 176 mã 2026\CH-06-967.pdf,148,,,,3,H226,,,,,2B,H320,,,1A,H360,2,H401,,
146,CH-06-968,F78FN1140RSC-18.00K MPU LS TOPCOAT (05),123-86-4 (>25%-<50%); 108-10-1; 1330-20-7; 100-41-4; 763-69-9; 108-65-6; 108-94-1; 41556-26-7; 82919-37-7; 80-62-6,123-86-4;108-10-1;1330-20-7;100-41-4;763-69-9;108-65-6;108-94-1;41556-26-7;82919-37-7;80-62-6,1674,LỎNG,MSDS 176 mã 2026\CH-06-968.pdf,149,,,,3,H226,,,,,2A,H319,4,H332,1,H370,2,H401,,
147,CH-06-969,F78CN1149RSC-18.00K MPU LS TOPCOAT (90),123-86-4 (>25%-<50%); 108-10-1; 1330-20-7; 100-41-4; 763-69-9; 108-65-6; 108-94-1; 41556-26-7; 82919-37-7; 80-62-6,123-86-4;108-10-1;1330-20-7;100-41-4;763-69-9;108-65-6;108-94-1;41556-26-7;82919-37-7;80-62-6,234,LỎNG,MSDS 176 mã 2026\CH-06-969.pdf,150,,,,3,H226,,,,,2A,H319,,,1,H370,,,,
148,CH-06-1032,216:004-17.00K NC RETARDER,111-76-2,111-76-2,0,LỎNG,MSDS 176 mã 2026\CH-06-1032.pdf,151,,,,4,H227,,,,,2A,H319,,,1,H360,2,H401,,
149,CH-06-1033,V66VN2505-4.50K PU HARDENER,141-78-6; 528598-79-0; 123-86-4 (>10%-<25%); 122-51-0; 26471-62-5,141-78-6;528598-79-0;123-86-4;122-51-0;26471-62-5,972,LỎNG,MSDS 176 mã 2026\CH-06-1033.pdf,152,,,,2,H225,,,,,1,H318,,,1,H304,2,H401,,
150,CH-06-1034,F78WN1109RSC-20.00K MPU LS PRIMER - WHITE,123-86-4 (>25%-<50%); 1330-20-7; 557-05-1; 108-10-1; 100-41-4; 41556-26-7; 1259547-09-5; 108-38-3; 82919-37-7; 77-99-6; 80-62-6; 106-42-3,123-86-4;1330-20-7;557-05-1;108-10-1;100-41-4;41556-26-7;1259547-09-5;108-38-3;82919-37-7;77-99-6;80-62-6;106-42-3,1480,LỎNG,MSDS 176 mã 2026\CH-06-1034.pdf,153,,,,3,H226,,,,,3,H316,,,1,H360,2,H401,,
151,CH-06-1037,R07KN0037-170.00K PENETRATING GLAZE THINNER,108-88-3 (>25%-<50%); 100-41-4; 1330-20-7; 64742-95-6; 25551-13-7; 108-67-8; 95-63-6; 98-82-8,108-88-3;100-41-4;1330-20-7;64742-95-6;25551-13-7;108-67-8;95-63-6;98-82-8,510,LỎNG,MSDS 176 mã 2026\CH-06-1037.pdf,154,,,,2,H225,,,,,2A,H319,,,1A,H360,2,H401,,
152,CH-06-1039,V70CN0045-15.00K ADHESION PROMOTER,67-63-0 (>90%),67-63-0,180,LỎNG,MSDS 176 mã 2026\CH-06-1039.pdf,155,,,,2,H225,,,,,2A,H319,,,1A,H360,2,H401,,
153,CH-06-1055,T82FN0026-18.00K,64-17-5; 100-41-4; 1330-20-7; 123-86-4 (<10%); 763-69-9,64-17-5;100-41-4;1330-20-7;123-86-4;763-69-9,136,LỎNG,MSDS 176 mã 2026\CH-06-1055.pdf,156,,,,2,H225,,,,,2A,H319,,,1A,H360,2,H401,,
154,CH-06-1057,006256831-25.00K MICA S1122,N/A,,25,LỎNG,MSDS 176 mã 2026\CH-06-1057.pdf,157,,,,,,,,,,2A,H319,3,H301,1,H370,2,H401,,
155,CH-06-1058,110C1300MU-167.00K NGR STAIN BASE/REDUCER,67-56-1; 78-93-3; 141-78-6; 111-76-2,67-56-1;78-93-3;141-78-6;111-76-2,835,LỎNG,MSDS 176 mã 2026\CH-06-1058.pdf,158,,,,2,H226,,,,,3,H316,,,1A,H360,2,H401,,
156,AD-01-001,Glue dog 0.6l,9004-70-0,9004-70-0,528,LỎNG,MSDS 176 mã 2026\AD-01-001.doc,159,,,,,,,,,,2B,H320,5,H333,,,,,,
157,AD-01-005,Glue 502 (12g/bottle),9003-55-8; 25213-24-5; 471-34-1,9003-55-8;25213-24-5;471-34-1,3500,LỎNG,MSDS 176 mã 2026\AD-01-005.pdf,160,,,,,,,,,,2B,H320,5,H333,,,2,H401,,
158,AD-01-051,Glue KR560 -1200 kg/tank,90-16-87-9; 101-68-8,90-16-8;101-68-8,3600,LỎNG,MSDS 176 mã 2026\AD-01-051.pdf,161,,,,,,,,,,,,,,,,,,,
159,AD-01-052,Catalyst AP (KR560-B) - 250 kg/drum,N/A,,500,LỎNG,MSDS 176 mã 2026\AD-01-052.pdf,162,,,,,,,,,,,,,,,,,,,
160,AD-01-084,Glue - 105HP paste cane (Hiep Nhat) - 15 kg/can,110-54-3 ; 108-87-2; 67-64-1 (35%-45%); 9010-98-4,110-54-3;108-87-2;67-64-1;9010-98-4,30,LỎNG,MSDS 176 mã 2026\AD-01-084.pdf,163,,,,2,H225,,,,,,,,,,,,,,
161,AD-01-089,X dog glue (15kg/can or 16.5ml/can),108-88-3 (70%); 64742-89-8,108-88-3;64742-89-8,90,LỎNG,MSDS 176 mã 2026\AD-01-089.pdf,164,,,,,,,,,,2B,H320,5,H333,,,,,,
162,AD-01-109,KOYO PVA glue - KR150 - 1100kg/bồn,N/A,,5500,LỎNG,MSDS 176 mã 2026\AD-01-109.pdf,165,,,,,,,,,,,,,,,,,,,
163,AD-01-110,"Glue, KR-190HR (1100Kg/Tank)",N/A,,1100,LỎNG,MSDS 176 mã 2026\AD-01-110.pdf,166,,,,,,,,,,,,,,,,,,,
164,AD-02-005,Glue epoxide resin (Keo A - White color),N/A,,210,LỎNG,MSDS 176 mã 2026\AD-02-005.pdf,167,,,,4,H227,,,,,2B,H320,,,2,H305,2,H401,,
165,AD-02-014,Glue polymide (Keo B - Red color),N/A,,180,LỎNG,MSDS 176 mã 2026\AD-02-014.pdf,168,,,,4,H227,,,,,2B,H320,,,2,H305,2,H401,,
166,AD-04-001,Keo Cacbolsill,N/A,,200,LỎNG,MSDS 176 mã 2026\AD-04-001.pdf,169,,,,,,,,,,2B,H320,,,2,H305,2,H401,,
167,AD-04-014,Keo (V-SR 1050) (Keo dán nỉ),141-78-6; 142-85-5; 9003-55-8; 8050-09-7,141-78-6;142-85-5;9003-55-8;8050-09-7,450,LỎNG,MSDS 176 mã 2026\AD-04-014.pdf,170,,,,3,H226,,,,,2,H315,,,1,H304,2,H411,,
168,CH-06-148,212:001:10002-1.5K Natural Wood Putty D82TN0202-001.50K9L (12:01:1002),"108-88-3 (> 2,5% - < 10%); 67-63-0; 123-86-4 (>10% - < 25%); 14808-60-7; 14807-96-6; 1317-65-3",108-88-3;67-63-0;123-86-4;14808-60-7;14807-96-6;1317-65-3,45,LỎNG,MSDS 176 mã 2026\CH-06-148.pdf,171,,,,2,H225,,,,,3,H316,,,1A,H360,,,,
169,CH-06-489,Toluene - chất pha keo Dog X66,108-88-3 (100%),108-88-3,30,LỎNG,MSDS 176 mã 2026\CH-06-489.pdf,172,,,,2,H225,,,,,2,H315,,,1A,H334,2,H401,,
170,RS-01-002,Butanox,1338-23-4; 131-11-3,1338-23-4;131-11-3,50,LỎNG,MSDS 176 mã 2026\RS-01-002.pdf,173,,,,4,H227,,,,,2A,H319,5,H303,3,"H335, H336",2,H401,,
171,RS-01-005,"RTV Silicone 818 - 24-25 shore A, 450-550 % elongation",N/A,,200,LỎNG,MSDS 176 mã 2026\RS-01-005.doc,174,,,,4,H227,,,,,2A,H319,5,H303,3,"H335, H336",2,H401,,
172,RS-01-006,Dung moi pha Polyeste nguyen sinh,100-42-5 ( 99.8%),100-42-5,50,LỎNG,MSDS 176 mã 2026\RS-01-006.doc,175,,,,4,H227,,,,,2A,H319,5,H303,3,"H335, H336",2,H401,,
173,RS-01-010,"Nhua Polyester nguyen sinh - Loại Cứng (Hard Polyester) 
(SHCP 3330WP Casting resin)",100-42-5 (38%); 26182-24-1,100-42-5;26182-24-1,450,LỎNG,MSDS 176 mã 2026\RS-01-010.pdf,176,,,,3,H226,,,,,2A,H319,4,H332,1,H304,2,H401,,
174,RS-01-011,"Nhua Polyester nguyen sinh - Loại Mềm (Soft Polyester)
 (ETERSET RS-5272AP)",100-42-5 (30–40%); 58182-50-6,100-42-5;58182-50-6,675,LỎNG,MSDS 176 mã 2026\RS-01-011.pdf,177,,,,3,H226,,,,,2A,H319,4,H333,1,H372,2,H401,,
175,MT-05-556,Dầu DO,68476-34-6,68476-34-6,1000,LỎNG,MSDS 176 mã 2026\MT-05-556.pdf,178,,,,2,H225,,,,,,,,,3,"H335, H336",1,H400,,
176,FS-05-063,LPG,74-84-0; 74-98-6; 106-97-8; 109-66-0; 75-08-1,74-84-0;74-98-6;106-97-8;109-66-0;75-08-1,225,KHÍ,MSDS 176 mã 2026\MT-05-063.pdf,179,,,,1B,H221,,,KHÍ HÓA LỎNG,H280,,,,,,,,,,
