code,cas,phu_luc,ham_luong,pct_min,pct_max,nguon,do_tin_cay
CH-06-630,123-86-4,II,(>10-<25%),10.0,25.0,excel,cao
CH-06-630,67-63-0,II,≤10,0.0,10.0,msds_pdf,cao
CH-06-630,100-41-4,III/Nhóm 1,≤5,0.0,5.0,msds_pdf,cao
CH-06-633,123-86-4,II,(>10-<25%),10.0,25.0,excel,cao
CH-06-633,67-63-0,II,≤10,0.0,10.0,msds_pdf,cao
CH-06-633,100-41-4,III/Nhóm 1,≤0.3,0.0,0.3,msds_pdf,cao
CH-06-635,123-86-4,II,(>10-<25%),10.0,25.0,excel,cao
CH-06-635,67-63-0,II,(<10%),0.0,10.0,excel,cao
CH-06-635,100-41-4,III/Nhóm 1,≤0.3,0.0,0.3,msds_pdf,cao
CH-06-636,123-86-4,II,(>10-<25%),10.0,25.0,excel,cao
CH-06-636,67-63-0,II,≤10,0.0,10.0,msds_pdf,cao
CH-06-636,107-98-2,II,≤0.3,0.0,0.3,msds_pdf,cao
CH-06-636,100-41-4,III/Nhóm 1,≤0.3,0.0,0.3,msds_pdf,cao
CH-06-642,100-41-4,III/Nhóm 1,≤10,0.0,10.0,msds_pdf,cao
CH-06-642,67-63-0,II,≤5,0.0,5.0,msds_pdf,cao
CH-06-642,78-83-1,II,≤5,0.0,5.0,msds_pdf,cao
CH-06-642,123-86-4,II,≤5,0.0,5.0,msds_pdf,cao
CH-06-643,123-86-4,II,(>25%-<50%),25.0,50.0,excel,cao
CH-06-643,100-41-4,III/Nhóm 1,≥10-≤16,10.0,16.0,msds_pdf,cao
CH-06-643,67-63-0,II,≤5,0.0,5.0,msds_pdf,cao
CH-06-643,67-56-1,III/Nhóm 1,<1,0.0,1.0,msds_pdf,cao
CH-06-645,123-86-4,II,(<10%),0.0,10.0,excel,cao
CH-06-645,67-63-0,II,(<10%),0.0,10.0,excel,cao
CH-06-645,100-41-4,III/Nhóm 1,≤0.3,0.0,0.3,msds_pdf,cao
CH-06-651,123-86-4,II,(>25%-<50%),25.0,50.0,excel,cao
CH-06-651,71-36-3,II,≤9.7,0.0,9.7,msds_pdf,cao
CH-06-651,110-43-0,II,≤5.6,0.0,5.6,msds_pdf,cao
CH-06-651,100-41-4,III/Nhóm 1,≤4,0.0,4.0,msds_pdf,cao
CH-06-651,67-63-0,II,≤3,0.0,3.0,msds_pdf,cao
CH-06-790,123-86-4,II,(>25%-<50%),25.0,50.0,excel,cao
CH-06-790,100-41-4,III/Nhóm 1,≥10-≤15,10.0,15.0,msds_pdf,cao
CH-06-790,110-43-0,II,≤6.1,0.0,6.1,msds_pdf,cao
CH-06-790,67-63-0,II,≤3,0.0,3.0,msds_pdf,cao
CH-06-800,123-86-4,II,(>25%-<50%),25.0,50.0,excel,cao
CH-06-800,100-41-4,III/Nhóm 1,≤14,0.0,14.0,msds_pdf,cao
CH-06-800,71-36-3,II,≤10,0.0,10.0,msds_pdf,cao
CH-06-800,110-43-0,II,≤10,0.0,10.0,msds_pdf,cao
CH-06-800,67-63-0,II,≤3,0.0,3.0,msds_pdf,cao
CH-06-822,123-86-4,II,(>10-<25%),10.0,25.0,excel,cao
CH-06-822,100-41-4,III/Nhóm 1,≤5,0.0,5.0,msds_pdf,cao
CH-06-822,67-63-0,II,≤0.3,0.0,0.3,msds_pdf,cao
CH-06-822,108-38-3,II,≤0.3,0.0,0.3,msds_pdf,cao
CH-06-823,123-86-4,II,(>10-<25%),10.0,25.0,excel,cao
CH-06-823,100-41-4,III/Nhóm 1,≤5,0.0,5.0,msds_pdf,cao
CH-06-823,67-63-0,II,≤0.3,0.0,0.3,msds_pdf,cao
CH-06-823,108-38-3,II,≤0.3,0.0,0.3,msds_pdf,cao
CH-06-824,78-93-3,III/Nhóm 2,≥50-≤75,50.0,75.0,msds_pdf,cao
CH-06-824,123-86-4,II,<1,0.0,1.0,msds_pdf,cao
CH-06-824,67-56-1,III/Nhóm 1,≤0.3,0.0,0.3,msds_pdf,cao
CH-06-824,100-41-4,III/Nhóm 1,≤0.3,0.0,0.3,msds_pdf,cao
CH-06-824,108-38-3,II,≤0.3,0.0,0.3,msds_pdf,cao
CH-06-1056,100-41-4,III/Nhóm 1,≥10-<25,10.0,25.0,msds_pdf,cao
CH-06-1056,71-36-3,II,≤5,0.0,5.0,msds_pdf,cao
CH-06-1056,123-86-4,II,≤5,0.0,5.0,msds_pdf,cao
CH-06-1048,123-86-4,II,(>10%-<25%),10.0,25.0,excel,cao
CH-06-1048,100-41-4,III/Nhóm 1,≤10,0.0,10.0,msds_pdf,cao
CH-06-1049,123-86-4,II,(<10%),0.0,10.0,excel,cao
CH-06-1049,100-41-4,III/Nhóm 1,<1,0.0,1.0,msds_pdf,cao
CH-06-1050,123-86-4,II,(<10%),0.0,10.0,excel,cao
CH-06-1050,100-41-4,III/Nhóm 1,<1,0.0,1.0,msds_pdf,cao
CH-06-1059,123-86-4,II,≤1,0.0,1.0,msds_pdf,cao
CH-06-1059,100-41-4,III/Nhóm 1,<1,0.0,1.0,msds_pdf,cao
CH-01-005,7722-84-1,II,30-50,30.0,50.0,msds_pdf,cao
CH-02-157,78-93-3,III/Nhóm 2,≥25-≤40,25.0,40.0,msds_pdf,cao
CH-02-157,108-88-3,III/Nhóm 2,(>10% -<16%,10.0,16.0,excel,cao
CH-02-157,108-10-1,II,≤10,0.0,10.0,msds_pdf,cao
CH-02-157,100-41-4,III/Nhóm 1,≤8.4,0.0,8.4,msds_pdf,cao
CH-06-134,100-41-4,III/Nhóm 1,"2,5-10",2.5,10.0,msds_pdf,cao
CH-06-134,71-36-3,II,"2,5-10",2.5,10.0,msds_pdf,cao
CH-06-134,123-86-4,II,(50%-70%),50.0,70.0,excel,cao
CH-06-176,100-41-4,III/Nhóm 1,"2,5-10",2.5,10.0,msds_pdf,cao
CH-06-181,123-86-4,II,(>25%-<50%),25.0,50.0,excel,cao
CH-06-181,100-41-4,III/Nhóm 1,≤1.5,0.0,1.5,msds_pdf,cao
CH-06-181,122-51-0,II,≤0.3,0.0,0.3,msds_pdf,cao
CH-06-181,822-06-0,III/Nhóm 1,≤0.3,0.0,0.3,msds_pdf,cao
CH-06-190,108-88-3,III/Nhóm 2,"2,5-10",2.5,10.0,msds_pdf,cao
CH-06-190,98-82-8,II,"0,1-1",0.1,1.0,msds_pdf,cao
CH-06-190,108-67-8,II,"0,1-1",0.1,1.0,msds_pdf,cao
CH-06-205,108-67-8,II,"1-2,5",1.0,2.5,msds_pdf,cao
CH-06-205,7429-90-5,II,50-75,50.0,75.0,msds_pdf,cao
CH-06-211,100-41-4,III/Nhóm 1,≥4-<5,4.0,5.0,msds_pdf,cao
CH-06-220,100-41-4,III/Nhóm 1,"1-2,5",1.0,2.5,msds_pdf,cao
CH-06-222,100-41-4,III/Nhóm 1,≤3,0.0,3.0,msds_pdf,cao
CH-06-227,100-41-4,III/Nhóm 1,≤5,0.0,5.0,msds_pdf,cao
CH-06-227,106-42-3,II,≤0.3,0.0,0.3,msds_pdf,cao
CH-06-228,100-41-4,III/Nhóm 1,≥1.6-<3,1.6,3.0,msds_pdf,cao
CH-06-275,108-94-1,II,"2,5-10",2.5,10.0,msds_pdf,cao
CH-06-275,123-86-4,II,(75%-100%),75.0,100.0,excel,cao
CH-06-311,108-10-1,II,">=2,5-<10",2.5,10.0,msds_pdf,cao
CH-06-311,108-94-1,II,">=2,5-<10",2.5,10.0,msds_pdf,cao
CH-06-311,123-86-4,II,(>50%-<75%),50.0,75.0,excel,cao
CH-06-355,123-86-4,II,(>25%-<50%),25.0,50.0,excel,cao
CH-06-355,100-41-4,III/Nhóm 1,≤1.5,0.0,1.5,msds_pdf,cao
CH-06-355,122-51-0,II,≤0.3,0.0,0.3,msds_pdf,cao
CH-06-355,822-06-0,III/Nhóm 1,≤0.3,0.0,0.3,msds_pdf,cao
CH-06-361,123-86-4,II,≤5,0.0,5.0,msds_pdf,cao
CH-06-361,100-41-4,III/Nhóm 1,≤3,0.0,3.0,msds_pdf,cao
CH-06-364,123-86-4,II,(>25%-<50%),25.0,50.0,excel,cao
CH-06-364,100-41-4,III/Nhóm 1,≤3,0.0,3.0,msds_pdf,cao
CH-06-366,123-86-4,II,(<10%),0.0,10.0,excel,cao
CH-06-366,100-41-4,III/Nhóm 1,≤3,0.0,3.0,msds_pdf,cao
CH-06-383,7429-90-5,II,≥10-<19,10.0,19.0,msds_pdf,cao
CH-06-383,67-64-1,III/Nhóm 2,≥3-<5,3.0,5.0,msds_pdf,cao
CH-06-447,123-86-4,II,(>10%-<25%),10.0,25.0,excel,cao
CH-06-447,78-93-3,III/Nhóm 2,≥10-≤20,10.0,20.0,msds_pdf,cao
CH-06-447,100-41-4,III/Nhóm 1,≤5.5,0.0,5.5,msds_pdf,cao
CH-06-447,78-83-1,II,≤2.9,0.0,2.9,msds_pdf,cao
CH-06-485,123-86-4,II,(>25%-<50%),25.0,50.0,excel,cao
CH-06-485,108-10-1,II,≤10,0.0,10.0,msds_pdf,cao
CH-06-485,108-94-1,II,<10,0.0,10.0,msds_pdf,cao
CH-06-485,97-88-1,II,≤0.3,0.0,0.3,msds_pdf,cao
CH-06-485,80-62-6,II,≤0.3,0.0,0.3,msds_pdf,cao
CH-06-553,123-86-4,II,( >10%- <25%),10.0,25.0,excel,cao
CH-06-553,100-41-4,III/Nhóm 1,≤3,0.0,3.0,msds_pdf,cao
CH-06-553,108-88-3,III/Nhóm 2,≤3,0.0,3.0,msds_pdf,cao
CH-06-553,67-63-0,II,≤3,0.0,3.0,msds_pdf,cao
CH-06-564,100-41-4,III/Nhóm 1,≤10,0.0,10.0,msds_pdf,cao
CH-06-565,100-41-4,III/Nhóm 1,≤5,0.0,5.0,msds_pdf,cao
CH-06-567,123-86-4,II,(>50%-<75%),50.0,75.0,excel,cao
CH-06-631,123-86-4,II,(>25%-<50%),25.0,50.0,excel,cao
CH-06-631,67-63-0,II,≤10,0.0,10.0,msds_pdf,cao
CH-06-631,100-41-4,III/Nhóm 1,≤0.3,0.0,0.3,msds_pdf,cao
CH-06-638,123-86-4,II,(<10%),0.0,10.0,excel,cao
CH-06-638,67-63-0,II,(<7.1%),0.0,7.1,excel,cao
CH-06-646,78-93-3,III/Nhóm 2,≥10-≤25,10.0,25.0,msds_pdf,cao
CH-06-646,67-63-0,II,(<10%),0.0,10.0,excel,cao
CH-06-646,100-41-4,III/Nhóm 1,≤10,0.0,10.0,msds_pdf,cao
CH-06-646,123-86-4,II,(<10%),0.0,10.0,excel,cao
CH-06-649,123-86-4,II,(>25%-<50%),25.0,50.0,excel,cao
CH-06-649,100-41-4,III/Nhóm 1,≥10-≤22,10.0,22.0,msds_pdf,cao
CH-06-649,71-36-3,II,≤10,0.0,10.0,msds_pdf,cao
CH-06-649,110-43-0,II,≤10,0.0,10.0,msds_pdf,cao
CH-06-649,67-63-0,II,≤3,0.0,3.0,msds_pdf,cao
CH-06-652,123-86-4,II,(>25%-<50%),25.0,50.0,excel,cao
CH-06-652,100-41-4,III/Nhóm 1,≤3,0.0,3.0,msds_pdf,cao
CH-06-652,80-62-6,II,<1,0.0,1.0,msds_pdf,cao
CH-06-653,141-78-6,II,≤14,0.0,14.0,msds_pdf,cao
CH-06-653,100-41-4,III/Nhóm 1,≤10,0.0,10.0,msds_pdf,cao
CH-06-653,123-86-4,II,≤5,0.0,5.0,msds_pdf,cao
CH-06-654,123-86-4,II,(>25%-<50%),25.0,50.0,excel,cao
CH-06-654,100-41-4,III/Nhóm 1,≤5,0.0,5.0,msds_pdf,cao
CH-06-654,80-62-6,II,<1,0.0,1.0,msds_pdf,cao
CH-06-660,123-86-4,II,(>25%-<50%),25.0,50.0,excel,cao
CH-06-660,100-41-4,III/Nhóm 1,≥10-≤23,10.0,23.0,msds_pdf,cao
CH-06-660,67-63-0,II,≤5,0.0,5.0,msds_pdf,cao
CH-06-668,100-41-4,III/Nhóm 1,≤3.1,0.0,3.1,msds_pdf,cao
CH-06-668,91-20-3,II,≤1.4,0.0,1.4,msds_pdf,cao
CH-06-669,100-41-4,III/Nhóm 1,≥50-≤55,50.0,55.0,msds_pdf,cao
CH-06-688,123-86-4,II,(>50%-<75%),50.0,75.0,excel,cao
CH-06-688,7429-90-5,II,<2.5,0.0,2.5,msds_pdf,cao
CH-06-688,108-10-1,II,<1,0.0,1.0,msds_pdf,cao
CH-06-688,107-98-2,II,<1,0.0,1.0,msds_pdf,cao
CH-06-688,67-64-1,III/Nhóm 2,<1,0.0,1.0,msds_pdf,cao
CH-06-695,7440-66-6,II,≥10-≤25,10.0,25.0,msds_pdf,cao
CH-06-733,100-41-4,III/Nhóm 1,≤5,0.0,5.0,msds_pdf,cao
CH-06-736,100-41-4,III/Nhóm 1,≤10,0.0,10.0,msds_pdf,cao
CH-06-736,108-94-1,II,≤1.3,0.0,1.3,msds_pdf,cao
CH-06-737,110-43-0,II,≥25-≤36,25.0,36.0,msds_pdf,cao
CH-06-737,108-10-1,II,≤12,0.0,12.0,msds_pdf,cao
CH-06-737,108-94-1,II,≤3.9,0.0,3.9,msds_pdf,cao
CH-06-740,108-67-8,II,≤2.5,0.0,2.5,msds_pdf,cao
CH-06-740,100-41-4,III/Nhóm 1,≤0.3,0.0,0.3,msds_pdf,cao
CH-06-743,123-86-4,II,(>10%-<25%),10.0,25.0,excel,cao
CH-06-743,100-41-4,III/Nhóm 1,≤5,0.0,5.0,msds_pdf,cao
CH-06-743,108-94-1,II,<3,0.0,3.0,msds_pdf,cao
CH-06-745,100-41-4,III/Nhóm 1,≤10,0.0,10.0,msds_pdf,cao
CH-06-745,123-86-4,II,(<10%),0.0,10.0,excel,cao
CH-06-746,123-86-4,II,(>10%-<25%),10.0,25.0,excel,cao
CH-06-746,108-10-1,II,≥10-≤24,10.0,24.0,msds_pdf,cao
CH-06-746,108-94-1,II,≤5,0.0,5.0,msds_pdf,cao
CH-06-746,100-41-4,III/Nhóm 1,≤1.5,0.0,1.5,msds_pdf,cao
CH-06-748,123-86-4,II,(>10%-<25%),10.0,25.0,excel,cao
CH-06-748,100-41-4,III/Nhóm 1,≤5,0.0,5.0,msds_pdf,cao
CH-06-749,123-86-4,II,(>10%-<25%),10.0,25.0,excel,cao
CH-06-749,100-41-4,III/Nhóm 1,≤5,0.0,5.0,msds_pdf,cao
CH-06-752,123-86-4,II,(>25%-<50%),25.0,50.0,excel,cao
CH-06-752,100-41-4,III/Nhóm 1,≤5,0.0,5.0,msds_pdf,cao
CH-06-752,80-62-6,II,<1,0.0,1.0,msds_pdf,cao
CH-06-754,123-86-4,II,(>90%),90.0,100.0,excel,cao
CH-06-757,123-86-4,II,(>10%-<25%),10.0,25.0,excel,cao
CH-06-757,100-41-4,III/Nhóm 1,≤5,0.0,5.0,msds_pdf,cao
CH-06-757,67-63-0,II,≤0.3,0.0,0.3,msds_pdf,cao
CH-06-758,123-86-4,II,(>25%-<50%),25.0,50.0,excel,cao
CH-06-758,100-41-4,III/Nhóm 1,≤3,0.0,3.0,msds_pdf,cao
CH-06-758,80-62-6,II,<1,0.0,1.0,msds_pdf,cao
CH-06-761,123-86-4,II,(>25%-<50%),25.0,50.0,excel,cao
CH-06-761,107-98-2,II,≤10,0.0,10.0,msds_pdf,cao
CH-06-761,78-83-1,II,≤10,0.0,10.0,msds_pdf,cao
CH-06-761,67-63-0,II,≤3,0.0,3.0,msds_pdf,cao
CH-06-762,67-63-0,II,(>90%),90.0,100.0,excel,cao
CH-06-764,100-41-4,III/Nhóm 1,≤2.9,0.0,2.9,msds_pdf,cao
CH-06-764,108-67-8,II,≤1.4,0.0,1.4,msds_pdf,cao
CH-06-765,108-88-3,III/Nhóm 2,( >25% - < 31%),25.0,31.0,excel,cao
CH-06-765,100-41-4,III/Nhóm 1,<1,0.0,1.0,msds_pdf,cao
CH-06-767,108-88-3,III/Nhóm 2,(>50 - <75%),50.0,75.0,excel,cao
CH-06-767,141-78-6,II,≥10-≤25,10.0,25.0,msds_pdf,cao
CH-06-767,97-85-8,II,≤10,0.0,10.0,msds_pdf,cao
CH-06-768,107-98-2,II,≥50-≤75,50.0,75.0,msds_pdf,cao
CH-06-768,123-86-4,II,(>10%-<25%),10.0,25.0,excel,cao
CH-06-768,67-56-1,III/Nhóm 1,<1,0.0,1.0,msds_pdf,cao
CH-06-768,78-93-3,III/Nhóm 2,<1,0.0,1.0,msds_pdf,cao
CH-06-768,108-10-1,II,≤0.3,0.0,0.3,msds_pdf,cao
CH-06-769,123-86-4,II,(>50%-<75%),50.0,75.0,excel,cao
CH-06-769,67-56-1,III/Nhóm 1,<2,0.0,2.0,msds_pdf,cao
CH-06-770,67-56-1,III/Nhóm 1,<5,0.0,5.0,msds_pdf,cao
CH-06-771,67-63-0,II,(<10%),0.0,10.0,excel,cao
CH-06-771,67-56-1,III/Nhóm 1,<5,0.0,5.0,msds_pdf,cao
CH-06-773,108-88-3,III/Nhóm 2,(10%-25%),10.0,25.0,excel,cao
CH-06-777,108-88-3,III/Nhóm 2,(>50-<75%),50.0,75.0,excel,cao
CH-06-777,67-64-1,III/Nhóm 2,(>10%-<25%),10.0,25.0,excel,cao
CH-06-778,67-64-1,III/Nhóm 2,(>90%),90.0,100.0,excel,cao
CH-06-778,78-93-3,III/Nhóm 2,≤3,0.0,3.0,msds_pdf,cao
CH-06-783,107-98-2,II,≥25-≤43,25.0,43.0,msds_pdf,cao
CH-06-783,67-56-1,III/Nhóm 1,≤3,0.0,3.0,msds_pdf,cao
CH-06-784,67-56-1,III/Nhóm 1,<5,0.0,5.0,msds_pdf,cao
CH-06-785,123-86-4,II,≥50-≤75,50.0,75.0,msds_pdf,cao
CH-06-785,67-56-1,III/Nhóm 1,<2,0.0,2.0,msds_pdf,cao
CH-06-786,123-86-4,II,≥50-≤75,50.0,75.0,msds_pdf,cao
CH-06-786,67-56-1,III/Nhóm 1,<2,0.0,2.0,msds_pdf,cao
CH-06-794,100-41-4,III/Nhóm 1,≤0.3,0.0,0.3,msds_pdf,cao
CH-06-795,100-41-4,III/Nhóm 1,≤0.3,0.0,0.3,msds_pdf,cao
CH-06-796,108-67-8,II,<2.5,0.0,2.5,msds_pdf,cao
CH-06-796,100-41-4,III/Nhóm 1,≤0.3,0.0,0.3,msds_pdf,cao
CH-06-797,108-67-8,II,<2.5,0.0,2.5,msds_pdf,cao
CH-06-797,100-41-4,III/Nhóm 1,≤0.3,0.0,0.3,msds_pdf,cao
CH-06-798,108-67-8,II,<2.5,0.0,2.5,msds_pdf,cao
CH-06-798,100-41-4,III/Nhóm 1,≤0.3,0.0,0.3,msds_pdf,cao
CH-06-809,123-86-4,II,(>75%-<90%),75.0,90.0,excel,cao
CH-06-809,107-98-2,II,≤3,0.0,3.0,msds_pdf,cao
CH-06-812,123-86-4,II,(>25-<50%),25.0,50.0,excel,cao
CH-06-812,100-41-4,III/Nhóm 1,≤3,0.0,3.0,msds_pdf,cao
CH-06-812,80-62-6,II,<1,0.0,1.0,msds_pdf,cao
CH-06-813,108-88-3,III/Nhóm 2,(>25%-<50%),25.0,50.0,excel,cao
CH-06-813,141-78-6,II,≥10-≤25,10.0,25.0,msds_pdf,cao
CH-06-813,100-41-4,III/Nhóm 1,≤10,0.0,10.0,msds_pdf,cao
CH-06-815,108-10-1,II,≥10-≤25,10.0,25.0,msds_pdf,cao
CH-06-815,100-41-4,III/Nhóm 1,≤5,0.0,5.0,msds_pdf,cao
CH-06-821,123-86-4,II,(>25%-<50%),25.0,50.0,excel,cao
CH-06-821,100-41-4,III/Nhóm 1,≤3,0.0,3.0,msds_pdf,cao
CH-06-821,80-62-6,II,<1,0.0,1.0,msds_pdf,cao
CH-06-913,123-86-4,II,(>10-<25%),10.0,25.0,excel,cao
CH-06-913,100-41-4,III/Nhóm 1,≥10-≤23,10.0,23.0,msds_pdf,cao
CH-06-913,108-38-3,II,<1,0.0,1.0,msds_pdf,cao
CH-06-913,106-42-3,II,≤0.3,0.0,0.3,msds_pdf,cao
CH-06-913,95-47-6,II,≤0.3,0.0,0.3,msds_pdf,cao
CH-06-913,80-62-6,II,≤0.3,0.0,0.3,msds_pdf,cao
CH-06-914,123-86-4,II,(>10-<25%),10.0,25.0,excel,cao
CH-06-914,100-41-4,III/Nhóm 1,≥10-<25,10.0,25.0,msds_pdf,cao
CH-06-914,108-38-3,II,<1,0.0,1.0,msds_pdf,cao
CH-06-914,106-42-3,II,≤0.3,0.0,0.3,msds_pdf,cao
CH-06-914,95-47-6,II,≤0.3,0.0,0.3,msds_pdf,cao
CH-06-914,80-62-6,II,≤0.3,0.0,0.3,msds_pdf,cao
CH-06-920,123-86-4,II,(>10-<25%),10.0,25.0,excel,cao
CH-06-920,100-41-4,III/Nhóm 1,≤10,0.0,10.0,msds_pdf,cao
CH-06-920,108-38-3,II,<1,0.0,1.0,msds_pdf,cao
CH-06-920,106-42-3,II,≤0.3,0.0,0.3,msds_pdf,cao
CH-06-920,95-47-6,II,≤0.3,0.0,0.3,msds_pdf,cao
CH-06-920,80-62-6,II,≤0.3,0.0,0.3,msds_pdf,cao
CH-06-922,108-67-8,II,<2.5,0.0,2.5,msds_pdf,cao
CH-06-922,100-41-4,III/Nhóm 1,≤0.3,0.0,0.3,msds_pdf,cao
CH-06-923,108-67-8,II,≤2.5,0.0,2.5,msds_pdf,cao
CH-06-923,100-41-4,III/Nhóm 1,≤0.3,0.0,0.3,msds_pdf,cao
CH-06-924,108-67-8,II,≤2.5,0.0,2.5,msds_pdf,cao
CH-06-924,100-41-4,III/Nhóm 1,≤0.3,0.0,0.3,msds_pdf,cao
CH-06-925,108-67-8,II,<1,0.0,1.0,msds_pdf,cao
CH-06-925,100-41-4,III/Nhóm 1,≤0.3,0.0,0.3,msds_pdf,cao
CH-06-929,100-41-4,III/Nhóm 1,≥10-≤23,10.0,23.0,msds_pdf,cao
CH-06-929,141-78-6,II,≥10-≤20,10.0,20.0,msds_pdf,cao
CH-06-929,108-94-1,II,≤1.2,0.0,1.2,msds_pdf,cao
CH-06-930,123-86-4,II,(<10%),0.0,10.0,excel,cao
CH-06-931,108-67-8,II,<5,0.0,5.0,msds_pdf,cao
CH-06-931,100-41-4,III/Nhóm 1,<1,0.0,1.0,msds_pdf,cao
CH-06-932,123-86-4,II,( >75%-<90%),75.0,90.0,excel,cao
CH-06-932,108-10-1,II,≤0.3,0.0,0.3,msds_pdf,cao
CH-06-932,107-98-2,II,≤0.3,0.0,0.3,msds_pdf,cao
CH-06-933,100-41-4,III/Nhóm 1,≥10-<25,10.0,25.0,msds_pdf,cao
CH-06-933,123-86-4,II,(<10%),0.0,10.0,excel,cao
CH-06-933,71-23-8,II,≤10,0.0,10.0,msds_pdf,cao
CH-06-934,100-41-4,III/Nhóm 1,≥10-<25,10.0,25.0,msds_pdf,cao
CH-06-934,71-23-8,II,≤10,0.0,10.0,msds_pdf,cao
CH-06-934,108-88-3,III/Nhóm 2,(<10%),0.0,10.0,excel,cao
CH-06-934,78-92-2,II,≤5,0.0,5.0,msds_pdf,cao
CH-06-934,123-86-4,II,≤5,0.0,5.0,msds_pdf,cao
CH-06-934,78-83-1,II,<1,0.0,1.0,msds_pdf,cao
CH-06-934,108-38-3,II,<1,0.0,1.0,msds_pdf,cao
CH-06-934,67-56-1,III/Nhóm 1,≤0.3,0.0,0.3,msds_pdf,cao
CH-06-934,106-42-3,II,≤0.3,0.0,0.3,msds_pdf,cao
CH-06-934,95-47-6,II,≤0.3,0.0,0.3,msds_pdf,cao
CH-06-935,71-23-8,II,≥10-≤25,10.0,25.0,msds_pdf,cao
CH-06-935,100-41-4,III/Nhóm 1,≤10,0.0,10.0,msds_pdf,cao
CH-06-935,123-86-4,II,(<10%),0.0,10.0,excel,cao
CH-06-936,123-86-4,II,(>25-<50%),25.0,50.0,excel,cao
CH-06-936,100-41-4,III/Nhóm 1,≤5,0.0,5.0,msds_pdf,cao
CH-06-936,80-62-6,II,<1,0.0,1.0,msds_pdf,cao
CH-06-937,123-86-4,II,(>50-<75%),50.0,75.0,excel,cao
CH-06-937,108-10-1,II,≤10,0.0,10.0,msds_pdf,cao
CH-06-937,108-94-1,II,≤8.2,0.0,8.2,msds_pdf,cao
CH-06-937,67-63-0,II,<1,0.0,1.0,msds_pdf,cao
CH-06-938,123-86-4,II,(>50-<75%),50.0,75.0,excel,cao
CH-06-938,107-98-2,II,≥25-≤50,25.0,50.0,msds_pdf,cao
CH-06-939,78-93-3,III/Nhóm 2,≥75-≤90,75.0,90.0,msds_pdf,cao
CH-06-941,123-86-4,II,(<10%),0.0,10.0,excel,cao
CH-06-941,100-41-4,III/Nhóm 1,≤5,0.0,5.0,msds_pdf,cao
CH-06-941,108-94-1,II,≤3,0.0,3.0,msds_pdf,cao
CH-06-942,123-86-4,II,(>50-<75%),50.0,75.0,excel,cao
CH-06-942,4098-71-9,III/Nhóm 1,≤0.3,0.0,0.3,msds_pdf,cao
CH-06-943,123-86-4,II,(>25%-<50%),25.0,50.0,excel,cao
CH-06-943,108-10-1,II,≤10,0.0,10.0,msds_pdf,cao
CH-06-943,100-41-4,III/Nhóm 1,≤3,0.0,3.0,msds_pdf,cao
CH-06-943,108-94-1,II,<1,0.0,1.0,msds_pdf,cao
CH-06-943,80-62-6,II,≤0.3,0.0,0.3,msds_pdf,cao
CH-06-944,123-86-4,II,(>25-<50%),25.0,50.0,excel,cao
CH-06-944,108-10-1,II,≤10,0.0,10.0,msds_pdf,cao
CH-06-944,100-41-4,III/Nhóm 1,≤3,0.0,3.0,msds_pdf,cao
CH-06-944,108-94-1,II,<1,0.0,1.0,msds_pdf,cao
CH-06-944,80-62-6,II,≤0.3,0.0,0.3,msds_pdf,cao
CH-06-964,123-86-4,II,(>25%-<50%),25.0,50.0,excel,cao
CH-06-964,108-10-1,II,≤10,0.0,10.0,msds_pdf,cao
CH-06-964,100-41-4,III/Nhóm 1,≤3,0.0,3.0,msds_pdf,cao
CH-06-964,108-94-1,II,<1,0.0,1.0,msds_pdf,cao
CH-06-964,80-62-6,II,≤0.3,0.0,0.3,msds_pdf,cao
CH-06-965,123-86-4,II,(>25%-<50%),25.0,50.0,excel,cao
CH-06-965,108-10-1,II,≤10,0.0,10.0,msds_pdf,cao
CH-06-965,100-41-4,III/Nhóm 1,≤3,0.0,3.0,msds_pdf,cao
CH-06-965,108-94-1,II,<1,0.0,1.0,msds_pdf,cao
CH-06-965,80-62-6,II,≤0.3,0.0,0.3,msds_pdf,cao
CH-06-966,123-86-4,II,(>25%-<50%),25.0,50.0,excel,cao
CH-06-966,108-10-1,II,≤10,0.0,10.0,msds_pdf,cao
CH-06-966,100-41-4,III/Nhóm 1,≤3,0.0,3.0,msds_pdf,cao
CH-06-966,108-94-1,II,<1,0.0,1.0,msds_pdf,cao
CH-06-966,80-62-6,II,≤0.3,0.0,0.3,msds_pdf,cao
CH-06-967,123-86-4,II,(>25%-<50%),25.0,50.0,excel,cao
CH-06-967,108-10-1,II,≤10,0.0,10.0,msds_pdf,cao
CH-06-967,100-41-4,III/Nhóm 1,≤3,0.0,3.0,msds_pdf,cao
CH-06-967,108-94-1,II,<1,0.0,1.0,msds_pdf,cao
CH-06-967,80-62-6,II,≤0.3,0.0,0.3,msds_pdf,cao
CH-06-968,123-86-4,II,(>25%-<50%),25.0,50.0,excel,cao
CH-06-968,108-10-1,II,≤10,0.0,10.0,msds_pdf,cao
CH-06-968,100-41-4,III/Nhóm 1,≤3,0.0,3.0,msds_pdf,cao
CH-06-968,108-94-1,II,<1,0.0,1.0,msds_pdf,cao
CH-06-968,80-62-6,II,≤0.3,0.0,0.3,msds_pdf,cao
CH-06-969,123-86-4,II,(>25%-<50%),25.0,50.0,excel,cao
CH-06-969,108-10-1,II,≤10,0.0,10.0,msds_pdf,cao
CH-06-969,100-41-4,III/Nhóm 1,≤3,0.0,3.0,msds_pdf,cao
CH-06-969,108-94-1,II,<1,0.0,1.0,msds_pdf,cao
CH-06-969,80-62-6,II,≤0.3,0.0,0.3,msds_pdf,cao
CH-06-1033,141-78-6,II,≥25-≤50,25.0,50.0,msds_pdf,cao
CH-06-1033,123-86-4,II,(>10%-<25%),10.0,25.0,excel,cao
CH-06-1033,122-51-0,II,≤0.3,0.0,0.3,msds_pdf,cao
CH-06-1034,123-86-4,II,(>25%-<50%),25.0,50.0,excel,cao
CH-06-1034,108-10-1,II,≤5,0.0,5.0,msds_pdf,cao
CH-06-1034,100-41-4,III/Nhóm 1,≤5,0.0,5.0,msds_pdf,cao
CH-06-1034,108-38-3,II,≤0.3,0.0,0.3,msds_pdf,cao
CH-06-1034,80-62-6,II,≤0.3,0.0,0.3,msds_pdf,cao
CH-06-1034,106-42-3,II,≤0.3,0.0,0.3,msds_pdf,cao
CH-06-1037,108-88-3,III/Nhóm 2,(>25%-<50%),25.0,50.0,excel,cao
CH-06-1037,100-41-4,III/Nhóm 1,≥10-<25,10.0,25.0,msds_pdf,cao
CH-06-1037,108-67-8,II,≤3,0.0,3.0,msds_pdf,cao
CH-06-1037,98-82-8,II,<1,0.0,1.0,msds_pdf,cao
CH-06-1039,67-63-0,II,(>90%),90.0,100.0,excel,cao
CH-06-1055,100-41-4,III/Nhóm 1,≥10-<25,10.0,25.0,msds_pdf,cao
CH-06-1055,123-86-4,II,(<10%),0.0,10.0,excel,cao
CH-06-1058,67-56-1,III/Nhóm 1,≥75-≤90,75.0,90.0,msds_pdf,cao
CH-06-1058,78-93-3,III/Nhóm 2,≤8.2,0.0,8.2,msds_pdf,cao
CH-06-1058,141-78-6,II,≤8.2,0.0,8.2,msds_pdf,cao
AD-01-084,110-54-3,II,10-20,10.0,20.0,msds_pdf,cao
AD-01-084,108-87-2,II,1-5,1.0,5.0,msds_pdf,cao
AD-01-084,67-64-1,III/Nhóm 2,(35%-45%),35.0,45.0,excel,cao
AD-01-089,108-88-3,III/Nhóm 2,(70%),70.0,70.0,excel,cao
AD-04-014,141-78-6,II,10-15,10.0,15.0,msds_pdf,cao
CH-06-148,108-88-3,III/Nhóm 2,"(> 2,5% - < 10%)",2.5,10.0,excel,cao
CH-06-148,67-63-0,II,">=2,5-<10",2.5,10.0,msds_pdf,cao
CH-06-148,123-86-4,II,(>10% - < 25%),10.0,25.0,excel,cao
CH-06-489,108-88-3,III/Nhóm 2,(100%),100.0,100.0,excel,cao
RS-01-006,100-42-5,III/Nhóm 1,( 99.8%),99.8,99.8,excel,cao
RS-01-010,100-42-5,III/Nhóm 1,(38%),38.0,38.0,excel,cao
RS-01-011,100-42-5,III/Nhóm 1,(30–40%),30.0,40.0,excel,cao
