code,phu_luc,nguong_pct,trang_thai,bang_chung
CH-06-630,Phu luc II,5.0,giu_lai,123-86-4=(>10-<25%); 67-63-0=≤10
CH-06-633,Phu luc II,5.0,giu_lai,123-86-4=(>10-<25%); 67-63-0=≤10
CH-06-635,Phu luc II,5.0,giu_lai,123-86-4=(>10-<25%); 67-63-0=(<10%)
CH-06-636,Phu luc II,5.0,giu_lai,123-86-4=(>10-<25%); 67-63-0=≤10
CH-06-642,Phu luc II,5.0,loai_duoc,tat ca thanh phan <= 5%: 67-63-0=≤5; 78-83-1=≤5; 123-86-4=≤5
CH-06-643,Phu luc II,5.0,giu_lai,123-86-4=(>25%-<50%)
CH-06-645,Phu luc II,5.0,giu_lai,123-86-4=(<10%); 67-63-0=(<10%)
CH-06-651,Phu luc II,5.0,giu_lai,123-86-4=(>25%-<50%); 71-36-3=≤9.7; 110-43-0=≤5.6
CH-06-790,Phu luc II,5.0,giu_lai,123-86-4=(>25%-<50%); 110-43-0=≤6.1
CH-06-800,Phu luc II,5.0,giu_lai,123-86-4=(>25%-<50%); 71-36-3=≤10; 110-43-0=≤10
CH-06-822,Phu luc II,5.0,giu_lai,123-86-4=(>10-<25%)
CH-06-823,Phu luc II,5.0,giu_lai,123-86-4=(>10-<25%)
CH-06-824,Phu luc II,5.0,loai_duoc,tat ca thanh phan <= 5%: 123-86-4=<1; 108-38-3=≤0.3
CH-06-1056,Phu luc II,5.0,loai_duoc,tat ca thanh phan <= 5%: 71-36-3=≤5; 123-86-4=≤5
CH-06-1048,Phu luc II,5.0,giu_lai,123-86-4=(>10%-<25%)
CH-06-1049,Phu luc II,5.0,giu_lai,123-86-4=(<10%)
CH-06-1050,Phu luc II,5.0,giu_lai,123-86-4=(<10%)
CH-06-1059,Phu luc II,5.0,loai_duoc,tat ca thanh phan <= 5%: 123-86-4=≤1
CH-01-005,Phu luc II,5.0,giu_lai,7722-84-1=30-50
CH-02-157,Phu luc II,5.0,giu_lai,108-10-1=≤10
CH-06-134,Phu luc II,5.0,giu_lai,"71-36-3=2,5-10; 123-86-4=(50%-70%)"
CH-06-181,Phu luc II,5.0,giu_lai,123-86-4=(>25%-<50%)
CH-06-190,Phu luc II,5.0,loai_duoc,"tat ca thanh phan <= 5%: 98-82-8=0,1-1; 108-67-8=0,1-1"
CH-06-205,Phu luc II,5.0,giu_lai,7429-90-5=50-75
CH-06-227,Phu luc II,5.0,loai_duoc,tat ca thanh phan <= 5%: 106-42-3=≤0.3
CH-06-275,Phu luc II,5.0,giu_lai,"108-94-1=2,5-10; 123-86-4=(75%-100%)"
CH-06-311,Phu luc II,5.0,giu_lai,"108-10-1=>=2,5-<10; 108-94-1=>=2,5-<10; 123-86-4=(>50%-<75%)"
CH-06-355,Phu luc II,5.0,giu_lai,123-86-4=(>25%-<50%)
CH-06-361,Phu luc II,5.0,loai_duoc,tat ca thanh phan <= 5%: 123-86-4=≤5
CH-06-364,Phu luc II,5.0,giu_lai,123-86-4=(>25%-<50%)
CH-06-366,Phu luc II,5.0,giu_lai,123-86-4=(<10%)
CH-06-383,Phu luc II,5.0,giu_lai,7429-90-5=≥10-<19
CH-06-447,Phu luc II,5.0,giu_lai,123-86-4=(>10%-<25%)
CH-06-485,Phu luc II,5.0,giu_lai,123-86-4=(>25%-<50%); 108-10-1=≤10; 108-94-1=<10
CH-06-553,Phu luc II,5.0,giu_lai,123-86-4=( >10%- <25%)
CH-06-567,Phu luc II,5.0,giu_lai,123-86-4=(>50%-<75%)
CH-06-631,Phu luc II,5.0,giu_lai,123-86-4=(>25%-<50%); 67-63-0=≤10
CH-06-638,Phu luc II,5.0,giu_lai,123-86-4=(<10%); 67-63-0=(<7.1%)
CH-06-646,Phu luc II,5.0,giu_lai,67-63-0=(<10%); 123-86-4=(<10%)
CH-06-649,Phu luc II,5.0,giu_lai,123-86-4=(>25%-<50%); 71-36-3=≤10; 110-43-0=≤10
CH-06-652,Phu luc II,5.0,giu_lai,123-86-4=(>25%-<50%)
CH-06-653,Phu luc II,5.0,giu_lai,141-78-6=≤14
CH-06-654,Phu luc II,5.0,giu_lai,123-86-4=(>25%-<50%)
CH-06-660,Phu luc II,5.0,giu_lai,123-86-4=(>25%-<50%)
CH-06-668,Phu luc II,5.0,loai_duoc,tat ca thanh phan <= 5%: 91-20-3=≤1.4
CH-06-688,Phu luc II,5.0,giu_lai,123-86-4=(>50%-<75%)
CH-06-695,Phu luc II,5.0,giu_lai,7440-66-6=≥10-≤25
CH-06-736,Phu luc II,5.0,loai_duoc,tat ca thanh phan <= 5%: 108-94-1=≤1.3
CH-06-737,Phu luc II,5.0,giu_lai,110-43-0=≥25-≤36; 108-10-1=≤12
CH-06-740,Phu luc II,5.0,loai_duoc,tat ca thanh phan <= 5%: 108-67-8=≤2.5
CH-06-743,Phu luc II,5.0,giu_lai,123-86-4=(>10%-<25%)
CH-06-745,Phu luc II,5.0,giu_lai,123-86-4=(<10%)
CH-06-746,Phu luc II,5.0,giu_lai,123-86-4=(>10%-<25%); 108-10-1=≥10-≤24
CH-06-748,Phu luc II,5.0,giu_lai,123-86-4=(>10%-<25%)
CH-06-749,Phu luc II,5.0,giu_lai,123-86-4=(>10%-<25%)
CH-06-752,Phu luc II,5.0,giu_lai,123-86-4=(>25%-<50%)
CH-06-754,Phu luc II,5.0,giu_lai,123-86-4=(>90%)
CH-06-757,Phu luc II,5.0,giu_lai,123-86-4=(>10%-<25%)
CH-06-758,Phu luc II,5.0,giu_lai,123-86-4=(>25%-<50%)
CH-06-761,Phu luc II,5.0,giu_lai,123-86-4=(>25%-<50%); 107-98-2=≤10; 78-83-1=≤10
CH-06-762,Phu luc II,5.0,giu_lai,67-63-0=(>90%)
CH-06-764,Phu luc II,5.0,loai_duoc,tat ca thanh phan <= 5%: 108-67-8=≤1.4
CH-06-767,Phu luc II,5.0,giu_lai,141-78-6=≥10-≤25; 97-85-8=≤10
CH-06-768,Phu luc II,5.0,giu_lai,107-98-2=≥50-≤75; 123-86-4=(>10%-<25%)
CH-06-769,Phu luc II,5.0,giu_lai,123-86-4=(>50%-<75%)
CH-06-771,Phu luc II,5.0,giu_lai,67-63-0=(<10%)
CH-06-783,Phu luc II,5.0,giu_lai,107-98-2=≥25-≤43
CH-06-785,Phu luc II,5.0,giu_lai,123-86-4=≥50-≤75
CH-06-786,Phu luc II,5.0,giu_lai,123-86-4=≥50-≤75
CH-06-796,Phu luc II,5.0,loai_duoc,tat ca thanh phan <= 5%: 108-67-8=<2.5
CH-06-797,Phu luc II,5.0,loai_duoc,tat ca thanh phan <= 5%: 108-67-8=<2.5
CH-06-798,Phu luc II,5.0,loai_duoc,tat ca thanh phan <= 5%: 108-67-8=<2.5
CH-06-809,Phu luc II,5.0,giu_lai,123-86-4=(>75%-<90%)
CH-06-812,Phu luc II,5.0,giu_lai,123-86-4=(>25-<50%)
CH-06-813,Phu luc II,5.0,giu_lai,141-78-6=≥10-≤25
CH-06-815,Phu luc II,5.0,giu_lai,108-10-1=≥10-≤25
CH-06-821,Phu luc II,5.0,giu_lai,123-86-4=(>25%-<50%)
CH-06-913,Phu luc II,5.0,giu_lai,123-86-4=(>10-<25%)
CH-06-914,Phu luc II,5.0,giu_lai,123-86-4=(>10-<25%)
CH-06-920,Phu luc II,5.0,giu_lai,123-86-4=(>10-<25%)
CH-06-922,Phu luc II,5.0,loai_duoc,tat ca thanh phan <= 5%: 108-67-8=<2.5
CH-06-923,Phu luc II,5.0,loai_duoc,tat ca thanh phan <= 5%: 108-67-8=≤2.5
CH-06-924,Phu luc II,5.0,loai_duoc,tat ca thanh phan <= 5%: 108-67-8=≤2.5
CH-06-925,Phu luc II,5.0,loai_duoc,tat ca thanh phan <= 5%: 108-67-8=<1
CH-06-929,Phu luc II,5.0,giu_lai,141-78-6=≥10-≤20
CH-06-930,Phu luc II,5.0,giu_lai,123-86-4=(<10%)
CH-06-931,Phu luc II,5.0,loai_duoc,tat ca thanh phan <= 5%: 108-67-8=<5
CH-06-932,Phu luc II,5.0,giu_lai,123-86-4=( >75%-<90%)
CH-06-933,Phu luc II,5.0,giu_lai,123-86-4=(<10%); 71-23-8=≤10
CH-06-934,Phu luc II,5.0,giu_lai,71-23-8=≤10
CH-06-935,Phu luc II,5.0,giu_lai,71-23-8=≥10-≤25; 123-86-4=(<10%)
CH-06-936,Phu luc II,5.0,giu_lai,123-86-4=(>25-<50%)
CH-06-937,Phu luc II,5.0,giu_lai,123-86-4=(>50-<75%); 108-10-1=≤10; 108-94-1=≤8.2
CH-06-938,Phu luc II,5.0,giu_lai,123-86-4=(>50-<75%); 107-98-2=≥25-≤50
CH-06-941,Phu luc II,5.0,giu_lai,123-86-4=(<10%)
CH-06-942,Phu luc II,5.0,giu_lai,123-86-4=(>50-<75%)
CH-06-943,Phu luc II,5.0,giu_lai,123-86-4=(>25%-<50%); 108-10-1=≤10
CH-06-944,Phu luc II,5.0,giu_lai,123-86-4=(>25-<50%); 108-10-1=≤10
CH-06-964,Phu luc II,5.0,giu_lai,123-86-4=(>25%-<50%); 108-10-1=≤10
CH-06-965,Phu luc II,5.0,giu_lai,123-86-4=(>25%-<50%); 108-10-1=≤10
CH-06-966,Phu luc II,5.0,giu_lai,123-86-4=(>25%-<50%); 108-10-1=≤10
CH-06-967,Phu luc II,5.0,giu_lai,123-86-4=(>25%-<50%); 108-10-1=≤10
CH-06-968,Phu luc II,5.0,giu_lai,123-86-4=(>25%-<50%); 108-10-1=≤10
CH-06-969,Phu luc II,5.0,giu_lai,123-86-4=(>25%-<50%); 108-10-1=≤10
CH-06-1033,Phu luc II,5.0,giu_lai,141-78-6=≥25-≤50; 123-86-4=(>10%-<25%)
CH-06-1034,Phu luc II,5.0,giu_lai,123-86-4=(>25%-<50%)
CH-06-1037,Phu luc II,5.0,loai_duoc,tat ca thanh phan <= 5%: 108-67-8=≤3; 98-82-8=<1
CH-06-1039,Phu luc II,5.0,giu_lai,67-63-0=(>90%)
CH-06-1055,Phu luc II,5.0,giu_lai,123-86-4=(<10%)
CH-06-1058,Phu luc II,5.0,giu_lai,141-78-6=≤8.2
AD-01-084,Phu luc II,5.0,giu_lai,110-54-3=10-20
AD-04-014,Phu luc II,5.0,giu_lai,141-78-6=10-15
CH-06-148,Phu luc II,5.0,giu_lai,"67-63-0=>=2,5-<10; 123-86-4=(>10% - < 25%)"
CH-06-630,Phu luc III,1.0,giu_lai,100-41-4=≤5
CH-06-633,Phu luc III,1.0,loai_duoc,tat ca thanh phan <= 1%: 100-41-4=≤0.3
CH-06-635,Phu luc III,1.0,loai_duoc,tat ca thanh phan <= 1%: 100-41-4=≤0.3
CH-06-636,Phu luc III,1.0,loai_duoc,tat ca thanh phan <= 1%: 100-41-4=≤0.3
CH-06-642,Phu luc III,1.0,giu_lai,100-41-4=≤10
CH-06-643,Phu luc III,1.0,giu_lai,100-41-4=≥10-≤16
CH-06-645,Phu luc III,1.0,loai_duoc,tat ca thanh phan <= 1%: 100-41-4=≤0.3
CH-06-651,Phu luc III,1.0,giu_lai,100-41-4=≤4
CH-06-790,Phu luc III,1.0,giu_lai,100-41-4=≥10-≤15
CH-06-800,Phu luc III,1.0,giu_lai,100-41-4=≤14
CH-06-822,Phu luc III,1.0,giu_lai,100-41-4=≤5
CH-06-823,Phu luc III,1.0,giu_lai,100-41-4=≤5
CH-06-824,Phu luc III,1.0,giu_lai,78-93-3=≥50-≤75
CH-06-1056,Phu luc III,1.0,giu_lai,100-41-4=≥10-<25
CH-06-1048,Phu luc III,1.0,giu_lai,100-41-4=≤10
CH-06-1049,Phu luc III,1.0,loai_duoc,tat ca thanh phan <= 1%: 100-41-4=<1
CH-06-1050,Phu luc III,1.0,loai_duoc,tat ca thanh phan <= 1%: 100-41-4=<1
CH-06-1059,Phu luc III,1.0,loai_duoc,tat ca thanh phan <= 1%: 100-41-4=<1
CH-02-157,Phu luc III,1.0,giu_lai,78-93-3=≥25-≤40; 108-88-3=(>10% -<16%; 100-41-4=≤8.4
CH-06-134,Phu luc III,1.0,giu_lai,"100-41-4=2,5-10"
CH-06-176,Phu luc III,1.0,giu_lai,"100-41-4=2,5-10"
CH-06-181,Phu luc III,1.0,giu_lai,100-41-4=≤1.5
CH-06-190,Phu luc III,1.0,giu_lai,"108-88-3=2,5-10"
CH-06-211,Phu luc III,1.0,giu_lai,100-41-4=≥4-<5
CH-06-220,Phu luc III,1.0,giu_lai,"100-41-4=1-2,5"
CH-06-222,Phu luc III,1.0,giu_lai,100-41-4=≤3
CH-06-227,Phu luc III,1.0,giu_lai,100-41-4=≤5
CH-06-228,Phu luc III,1.0,giu_lai,100-41-4=≥1.6-<3
CH-06-355,Phu luc III,1.0,giu_lai,100-41-4=≤1.5
CH-06-361,Phu luc III,1.0,giu_lai,100-41-4=≤3
CH-06-364,Phu luc III,1.0,giu_lai,100-41-4=≤3
CH-06-366,Phu luc III,1.0,giu_lai,100-41-4=≤3
CH-06-383,Phu luc III,1.0,giu_lai,67-64-1=≥3-<5
CH-06-447,Phu luc III,1.0,giu_lai,78-93-3=≥10-≤20; 100-41-4=≤5.5
CH-06-553,Phu luc III,1.0,giu_lai,100-41-4=≤3; 108-88-3=≤3
CH-06-564,Phu luc III,1.0,giu_lai,100-41-4=≤10
CH-06-565,Phu luc III,1.0,giu_lai,100-41-4=≤5
CH-06-631,Phu luc III,1.0,loai_duoc,tat ca thanh phan <= 1%: 100-41-4=≤0.3
CH-06-646,Phu luc III,1.0,giu_lai,78-93-3=≥10-≤25; 100-41-4=≤10
CH-06-649,Phu luc III,1.0,giu_lai,100-41-4=≥10-≤22
CH-06-652,Phu luc III,1.0,giu_lai,100-41-4=≤3
CH-06-653,Phu luc III,1.0,giu_lai,100-41-4=≤10
CH-06-654,Phu luc III,1.0,giu_lai,100-41-4=≤5
CH-06-660,Phu luc III,1.0,giu_lai,100-41-4=≥10-≤23
CH-06-668,Phu luc III,1.0,giu_lai,100-41-4=≤3.1
CH-06-669,Phu luc III,1.0,giu_lai,100-41-4=≥50-≤55
CH-06-688,Phu luc III,1.0,loai_duoc,tat ca thanh phan <= 1%: 67-64-1=<1
CH-06-733,Phu luc III,1.0,giu_lai,100-41-4=≤5
CH-06-736,Phu luc III,1.0,giu_lai,100-41-4=≤10
CH-06-740,Phu luc III,1.0,loai_duoc,tat ca thanh phan <= 1%: 100-41-4=≤0.3
CH-06-743,Phu luc III,1.0,giu_lai,100-41-4=≤5
CH-06-745,Phu luc III,1.0,giu_lai,100-41-4=≤10
CH-06-746,Phu luc III,1.0,giu_lai,100-41-4=≤1.5
CH-06-748,Phu luc III,1.0,giu_lai,100-41-4=≤5
CH-06-749,Phu luc III,1.0,giu_lai,100-41-4=≤5
CH-06-752,Phu luc III,1.0,giu_lai,100-41-4=≤5
CH-06-757,Phu luc III,1.0,giu_lai,100-41-4=≤5
CH-06-758,Phu luc III,1.0,giu_lai,100-41-4=≤3
CH-06-764,Phu luc III,1.0,giu_lai,100-41-4=≤2.9
CH-06-765,Phu luc III,1.0,giu_lai,108-88-3=( >25% - < 31%)
CH-06-767,Phu luc III,1.0,giu_lai,108-88-3=(>50 - <75%)
CH-06-768,Phu luc III,1.0,loai_duoc,tat ca thanh phan <= 1%: 67-56-1=<1; 78-93-3=<1
CH-06-769,Phu luc III,1.0,giu_lai,67-56-1=<2
CH-06-770,Phu luc III,1.0,giu_lai,67-56-1=<5
CH-06-771,Phu luc III,1.0,giu_lai,67-56-1=<5
CH-06-773,Phu luc III,1.0,giu_lai,108-88-3=(10%-25%)
CH-06-777,Phu luc III,1.0,giu_lai,108-88-3=(>50-<75%); 67-64-1=(>10%-<25%)
CH-06-778,Phu luc III,1.0,giu_lai,67-64-1=(>90%); 78-93-3=≤3
CH-06-783,Phu luc III,1.0,giu_lai,67-56-1=≤3
CH-06-784,Phu luc III,1.0,giu_lai,67-56-1=<5
CH-06-785,Phu luc III,1.0,giu_lai,67-56-1=<2
CH-06-786,Phu luc III,1.0,giu_lai,67-56-1=<2
CH-06-794,Phu luc III,1.0,loai_duoc,tat ca thanh phan <= 1%: 100-41-4=≤0.3
CH-06-795,Phu luc III,1.0,loai_duoc,tat ca thanh phan <= 1%: 100-41-4=≤0.3
CH-06-796,Phu luc III,1.0,loai_duoc,tat ca thanh phan <= 1%: 100-41-4=≤0.3
CH-06-797,Phu luc III,1.0,loai_duoc,tat ca thanh phan <= 1%: 100-41-4=≤0.3
CH-06-798,Phu luc III,1.0,loai_duoc,tat ca thanh phan <= 1%: 100-41-4=≤0.3
CH-06-812,Phu luc III,1.0,giu_lai,100-41-4=≤3
CH-06-813,Phu luc III,1.0,giu_lai,108-88-3=(>25%-<50%); 100-41-4=≤10
CH-06-815,Phu luc III,1.0,giu_lai,100-41-4=≤5
CH-06-821,Phu luc III,1.0,giu_lai,100-41-4=≤3
CH-06-913,Phu luc III,1.0,giu_lai,100-41-4=≥10-≤23
CH-06-914,Phu luc III,1.0,giu_lai,100-41-4=≥10-<25
CH-06-920,Phu luc III,1.0,giu_lai,100-41-4=≤10
CH-06-922,Phu luc III,1.0,loai_duoc,tat ca thanh phan <= 1%: 100-41-4=≤0.3
CH-06-923,Phu luc III,1.0,loai_duoc,tat ca thanh phan <= 1%: 100-41-4=≤0.3
CH-06-924,Phu luc III,1.0,loai_duoc,tat ca thanh phan <= 1%: 100-41-4=≤0.3
CH-06-925,Phu luc III,1.0,loai_duoc,tat ca thanh phan <= 1%: 100-41-4=≤0.3
CH-06-929,Phu luc III,1.0,giu_lai,100-41-4=≥10-≤23
CH-06-931,Phu luc III,1.0,loai_duoc,tat ca thanh phan <= 1%: 100-41-4=<1
CH-06-933,Phu luc III,1.0,giu_lai,100-41-4=≥10-<25
CH-06-934,Phu luc III,1.0,giu_lai,100-41-4=≥10-<25; 108-88-3=(<10%)
CH-06-935,Phu luc III,1.0,giu_lai,100-41-4=≤10
CH-06-936,Phu luc III,1.0,giu_lai,100-41-4=≤5
CH-06-939,Phu luc III,1.0,giu_lai,78-93-3=≥75-≤90
CH-06-941,Phu luc III,1.0,giu_lai,100-41-4=≤5
CH-06-942,Phu luc III,1.0,loai_duoc,tat ca thanh phan <= 1%: 4098-71-9=≤0.3
CH-06-943,Phu luc III,1.0,giu_lai,100-41-4=≤3
CH-06-944,Phu luc III,1.0,giu_lai,100-41-4=≤3
CH-06-964,Phu luc III,1.0,giu_lai,100-41-4=≤3
CH-06-965,Phu luc III,1.0,giu_lai,100-41-4=≤3
CH-06-966,Phu luc III,1.0,giu_lai,100-41-4=≤3
CH-06-967,Phu luc III,1.0,giu_lai,100-41-4=≤3
CH-06-968,Phu luc III,1.0,giu_lai,100-41-4=≤3
CH-06-969,Phu luc III,1.0,giu_lai,100-41-4=≤3
CH-06-1034,Phu luc III,1.0,giu_lai,100-41-4=≤5
CH-06-1037,Phu luc III,1.0,giu_lai,108-88-3=(>25%-<50%); 100-41-4=≥10-<25
CH-06-1055,Phu luc III,1.0,giu_lai,100-41-4=≥10-<25
CH-06-1058,Phu luc III,1.0,giu_lai,67-56-1=≥75-≤90; 78-93-3=≤8.2
AD-01-084,Phu luc III,1.0,giu_lai,67-64-1=(35%-45%)
AD-01-089,Phu luc III,1.0,giu_lai,108-88-3=(70%)
CH-06-148,Phu luc III,1.0,giu_lai,"108-88-3=(> 2,5% - < 10%)"
CH-06-489,Phu luc III,1.0,giu_lai,108-88-3=(100%)
RS-01-006,Phu luc III,1.0,giu_lai,100-42-5=( 99.8%)
RS-01-010,Phu luc III,1.0,giu_lai,100-42-5=(38%)
RS-01-011,Phu luc III,1.0,giu_lai,100-42-5=(30–40%)
